CHROM	POS1	POS2	IN_FILE	REF1	REF2	ALT1	ALT2
chr_II_telomeric_gap	4787	4787	B	G	G	A	A
I	459	.	1	C	.	A	.
I	3172	.	1	A	.	C	.
I	4635	.	1	T	.	G	.
I	.	7183	2	.	T	.	C
I	18475	18475	B	C	C	T	T
I	.	19617	2	.	T	.	G
I	.	29659	2	.	A	.	T
I	.	29660	2	.	T	.	C
I	29664	.	1	NNNN	.	CTTC	.
I	29768	.	1	A	.	G	.
I	29769	.	1	T	.	A	.
I	.	38482	2	.	ATTTAAA	.	GGAGAAG
I	.	40037	2	.	G	.	C
I	43333	.	1	T	.	G	.
I	43334	.	1	T	.	G	.
I	.	43336	2	.	AAA	.	GGG
I	.	45466	2	.	A	.	C
I	48092	.	1	A	.	C	.
I	74490	.	1	CTTTTTTTTTTTGTTGTAATTA	.	CTTTTTTTTTTGTTGTAATTA	.
I	101871	101870	O	AGCA	GAGCA	AGGCA	GAGGCA
I	427504	427504	B	CTTTGGG	CTTTGGG	CTTTTGGG	CTTTTGGG
I	470378	.	1	ACCGT	.	ACGT	.
I	470389	470390	O	AACCTA	ACCTA	AACTA	ACTA
I	477739	.	1	T	.	C	.
I	.	479946	2	.	C	.	T
I	482737	482737	B	AGT	AGT	AGGT	AGGT
I	523603	523600	O	G	ACAGC	A	ACAAC
I	523883	523883	B	G	G	A	A
I	526170	526170	B	GAAAATC	GAAAATC	GAAAAATC	GAAAAATC
I	527156	527156	B	C	C	A	A
I	554527	554527	B	ATTTTTTTTTTTGGAA	ATTTTTTTTTTTGGAA	ATTTTTTTTTTTTGGAA	ATTTTTTTTTTTTGGAA
I	660056	.	1	TGGGGGGGGGGTAAA	.	TGGGGGGGGGTAAA	.
I	670032	670032	B	CAC	CAC	CAAC	CAAC
I	682993	682993	B	TCCCCGCT	TCCCCGCT	TCCCGCT	TCCCGCT
I	759334	759334	B	G	G	T	T
I	793917	.	1	ATTTTTTTTTTTTTTTTTTTTTGTTGTAAAAAA	.	ATTTTTTTTTTTTTTTTTTTTGTTGTAAAAAA	.
I	862962	862962	B	CTGAT	CTGAT	CTTTAT	CTTTAT
I	960025	.	1	GTTTTTTTTTTTTTTCATTGTCG	.	GTTTTTTTTTTTTTTTCATTGTCG	.
I	965438	.	1	CAAAAAAAAAAAAAAAAAAAAACGATTAAACTAT	.	AAAAAAAAAAAAAAAAAAAAAACGATTAAACTAT	.
I	1048635	1048635	B	GAAAAAAAAAAATCCG	GAAAAAAAAAAATCCG	GAAAAAAAAAAAATCCG	GAAAAAAAAAAAATCCG
I	1113057	.	1	C	.	T	.
I	.	1266240	2	.	G	.	C
I	.	1266931	2	.	G	.	C
I	.	1270256	2	.	T	.	A
I	1274803	1274803	B	TATA	TATA	TAATA	TAATA
I	1424708	1424708	B	CAT	CAT	CT	CT
I	.	1467037	2	.	AA	.	GG
I	.	1469982	2	.	T	.	G
I	.	1469984	2	.	T	.	G
I	1496317	.	1	CAAAAAAAAAAAAAAAAATAACGAAAGAATAC	.	CAAAAAAAAAAAAAAAATAACGAAAGAATAC	.
I	1509277	.	1	CTTTTTTTTTTTTTATTTAAAGC	.	CTTTTTTTTTTTTTTATTTAAAGC	.
I	.	1567511	2	.	A	.	T
I	1625092	1625092	B	TCCAG	TCCAG	TCCCAG	TCCCAG
I	1664907	1664907	B	T	T	A	A
I	.	1707312	2	.	T	.	G
I	1783458	1783458	B	C	C	T	T
I	.	1857089	2	.	C	.	G
I	.	1857454	2	.	T	.	A
I	1936294	1936294	B	GAAAAGAC	GAAAAGAC	GAAAAAGAC	GAAAAAGAC
I	1952313	1952312	O	ATTTTGC	TATTTTGC	ATTTTTGC	TATTTTTGC
I	1955853	.	1	TAAAAAAAAAAAAAAAACAAGAATAAAACGAATG	.	TAAAAAAAAAAAAAAAAACAAGAATAAAACGAATG,AAAAAAAAAAAAAAAAACAAGAATAAAACGAATG	.
I	1999192	1999192	B	G	G	C	C
I	2052030	.	1	GTTCA	.	GTCA	.
I	2063047	.	1	A	.	G	.
I	.	2097156	2	.	ATGCTTTGCA	.	ATGTTTTGCA
I	2104091	2104091	B	G	G	T	T
I	2104097	2104097	B	C	C	A	A
I	2139856	.	1	GTTTTTTTTTTTTGGTATC	.	GTTTTTTTTTTTTTGGTATC	.
I	2154491	2154491	B	TAG	TAG	TAAG	TAAG
I	.	2207525	2	.	G	.	T
I	2245479	.	1	TCCCCCCCCCCGCCGGGGGGT	.	CCCCCCCCCCCGCCGGGGGGT	.
I	2288240	2288240	B	CGGAT	CGGAT	CGAT	CGAT
I	2343703	2343703	B	GAG	GAG	GAAG	GAAG
I	.	2356150	2	.	T	.	G
I	2421576	2421576	B	ACCGA	ACCGA	ACGA,AACGA	ACGA
I	2499149	2499149	B	ATTTTTTTTTTTGAC	ATTTTTTTTTTTGAC	ATTTTTTTTTTGAC	ATTTTTTTTTTGAC
I	2506044	2506042	O	T	TTT	A	TTA
I	2507462	2507461	O	TAC	ATAC	TAAC	ATAAC
I	2510060	2510060	B	TAACT	TAACT	TAAACT	TAAACT
I	2588021	2588021	B	CAAAGAT	CAAAGAT	CAAAAGAT	CAAAAGAT
I	2588066	2588066	B	CAAAAAATTTTTG	CAAAAAATTTTTG	CAAAAAAATTTTTG	CAAAAAAATTTTTG
I	2594263	2594263	B	CTA	CTA	CTTA	CTTA
I	2594324	2594324	B	TAACAT	TAACAT	TAAACAT	TAAACAT
I	2594351	2594351	B	TAACAG	TAACAG	TAAACAG	TAAACAG
I	2594391	2594391	B	ATTCG	ATTCG	ATTTCG	ATTTCG
I	2605764	2605764	B	T	T	A	A
I	2605860	2605860	B	GTTTAC	GTTTAC	GTTAC	GTTAC
I	2607669	2607669	B	ATTTTGGTTA	ATTTTGGTTA	ATTTTTGGTTA	ATTTTTGGTTA
I	2643596	2643596	B	C	C	A	A
I	2662845	2662845	B	TAAAAAAAAAATGTAT	TAAAAAAAAAATGTAT	TAAAAAAAAATGTAT	TAAAAAAAAATGTAT
I	2683902	2683902	B	TCCAA	TCCAA	TCAA	TCAA
I	2747078	2747078	B	A	A	G	G
I	2751236	.	1	TAAAAAAAAAAAAAAAAAATTAATCAGT	.	TAAAAAAAAAAAAAAAAATTAATCAGT	.
I	2759871	2759871	B	TCT	TCT	TCCT	TCCT
I	.	2910059	2	.	CAT	.	GAG
I	.	2931508	2	.	T	.	G
I	2940063	.	1	TTCAGCA	.	ATCCCCC	.
I	2940224	.	1	C	.	G	.
I	2940225	.	1	T	.	G	.
I	2940670	.	1	TGA	.	GGA	.
I	2940673	.	1	CAATGT	.	GGGAGA	.
I	.	2943166	2	.	G	.	C
I	2949973	2949974	O	AGATATATATATATATATAG	GATATATATATATATATAG	AGATATATATATATATAG	GATATATATATATATAG
I	2958937	.	1	GAAAAAAAAAAAAAAGAGAGAGAGAGAAAGCG	.	GAAAAAAAAAAAAGAGAGAGAGAGAAAGCG	.
I	3111508	3111508	B	A	A	G	G
I	3115841	3115841	B	C	C	A	A
I	3119299	3119299	B	G	G	A	A
I	3125118	3125117	O	ATA	CATA	ATTA	CATTA
I	3166776	.	1	GTTTTTTTTTTTTTTTTTTTTAAAAAAAAG	.	TTTTTTTTTTTTTTTTTTTTTAAAAAAAAG	.
I	3178494	3178493	O	CTTCC	TCTTCC	CTTTCC	TCTTTCC
I	3179238	3179238	B	G	G	C	C
I	3183087	3183087	B	TAAAAAAAAAGAAACAGT	TAAAAAAAAAGAAACAGT	TAAAAAAAAAAGAAACAGT	TAAAAAAAAAAGAAACAGT
I	3197528	3197528	B	AGGTT	AGGTT	AGGGTT	AGGGTT
I	3204845	3204845	B	G	G	A	A
I	3300810	.	1	TCG	.	TCC	.
I	3450130	3450130	B	GTA	GTA	GA	GA
I	3460318	3460318	B	TCCTG	TCCTG	TCCCTG	TCCCTG
I	3538413	.	1	ATTCG	.	ATTTCG	.
I	3538453	.	1	CTAATTTTGC	.	CTAAATTTTTGC	.
I	3548899	3548913	O	AAAAAAAAAAAGAATTAAAAAGAAAAGAAAATTC	T	AAAAAAAAAAAGAAATAAAAAGAAAAGAAAATTC	A
I	3576756	.	1	T	.	C	.
I	3576929	3576928	O	CTTTTTTTTTTCATTCC	TCTTTTTTTTTTCATTCC	CTTTTTTTTTTTCATTCC	TCTTTTTTTTTTTCATTCC
I	.	3578504	2	.	ATTTTTTTTTTATCAA	.	ATTTTTTTTTTTATCAA
I	3578638	.	1	ATTTTTTTTTTTTTTTGTTTTGTTCCTCGTG	.	ATTTTTTTTTTTTTTGTTTTGTTCCTCGTG,AATTTTTTTTTTTTTTGTTTTGTTCCTCGTG	.
I	3583106	3583106	B	G	G	A	A
I	.	3630676	2	.	T	.	A
I	3665610	3665610	B	GTTTCG	GTTTCG	GCTTTCG	GCTTTCG
I	3730369	3730369	B	ATTTTTTTTACC	ATTTTTTTTACC	ATTTTTTTTTACC	ATTTTTTTTTACC
I	.	3755379	2	.	T	.	C
I	.	3756057	2	.	T	.	G
I	.	3756059	2	.	T	.	G
I	3756171	.	1	T	.	G	.
I	.	3758374	2	.	A	.	C
I	.	3762998	2	.	A	.	G
I	.	3762999	2	.	T	.	A
I	.	3765071	2	.	ACCA	.	CCCC
I	.	3772641	2	.	AA	.	GG
I	.	3772702	2	.	T	.	G
I	.	3778035	2	.	A	.	T
I	.	3778651	2	.	T	.	G
I	.	3778652	2	.	A	.	G
I	.	3782742	2	.	T	.	C
I	.	3782744	2	.	T	.	C
I	.	3787795	2	.	T	.	G
I	.	3787796	2	.	C	.	G
I	.	3789614	2	.	A	.	T
I	.	3789617	2	.	A	.	C
I	.	3789631	2	.	A	.	T
I	.	3789640	2	.	A	.	C
I	.	3789641	2	.	T	.	C
I	.	3854158	2	.	C	.	T
I	3855790	3855790	B	GTTAG	GTTAG	GTAG	GTAG
I	.	3923413	2	.	GAAAAAAAAAAATGATG	.	GAAAAAAAAAAAATGATG
I	3940025	.	1	GTTTTTTTTTCTAATTTG	.	GTTTTTTTTTTCTAATTTG	.
I	.	3984534	2	.	T	.	G
I	3992214	3992214	O	CC	CCAAT	AC	ACAAT
I	.	3996335	2	.	A	.	C
I	.	3999496	2	.	C	.	G
I	.	3999502	2	.	A	.	T
I	.	4024464	2	.	A	.	C
I	4055052	.	1	TAAAAAAAAAAAAAAAATTATAAGACAT	.	TAAAAAAAAAAAAAAAAATTATAAGACAT	.
I	.	4095537	2	.	TA	.	TTCC
I	4239381	.	1	CTTTTTTTTTTTTTTGTTATTTATTTCTCTC	.	CTTTTTTTTTTTTTGTTATTTATTTCTCTC	.
I	4276890	.	1	GTTTTTTTTTTTTTGAGA	.	GTTTTTTTTTTTTTTGAGA	.
I	4304169	4304169	B	GAAAGAT	GAAAGAT	GAAAAGAT	GAAAAGAT
I	.	4315335	2	.	G	.	A
I	4321141	.	1	C	.	T	.
I	4374342	4374342	B	AGGAA	AGGAA	AGAA	AGAA
I	4375421	4375421	B	A	A	T	T
I	4407494	4407494	B	TGC	TGC	TGGC	TGGC
I	4410191	4410191	B	CGGGAAGAA	CGGGAAGAA	CGGAAGAA	CGGAAGAA
I	4414201	.	1	CTTTTTTTTTTTTTTTTTTTGACGA	.	CTTTTTTTTTTTTTTTTTTGACGA	.
I	4431856	.	1	GAAATAAC	.	GAAAATAAC	.
I	4431868	4431868	B	CAAATATATG	CAAATATATG	CAAAATATATG	CAAAATATATG
I	4442714	4442714	B	G	G	A	A
I	4455149	.	1	GAAAAAAAAAAAAACCAAAGATAAAAAATG	.	GAAAAAAAAAAAAAACCAAAGATAAAAAATG	.
I	4526720	.	1	A	.	G	.
I	4648159	.	1	TGGGGGGGGGGGATAT	.	TTGGGGGGGGGGATAT	.
I	4721875	4721875	B	GAAAAAAAAATTTTC	GAAAAAAAAATTTTC	GAAAAAAAAAATTTTC	GAAAAAAAAAATTTTC
I	4764253	4764253	B	GAAAAAAAAAAAAAAAATTTCTAC	GAAAAAAAAAAAAAAAATTTCTAC	GAAAAAAAAAAAAAAAAATTTCTAC	GAAAAAAAAAAAAAAAAATTTCTAC
I	.	4822619	2	.	G	.	A
I	.	4910024	2	.	T	.	G
I	4919603	4919603	B	A	A	G	G
I	5055030	.	1	GAAAAAAAAAAATATAATCT	.	GAAAAAAAAAATATAATCT	.
I	5142627	5142625	O	AGTA	GAAGT	AGGTA	GAAGGT
I	5148414	.	1	TAAAAAAAAAAGATAAAAAGC	.	TAAAAAAAAAGATAAAAAGC	.
I	5173087	5173086	O	CTTTTTTTTTTAACA	GCTTTTTTTTTTAACA	CTTTTTTTTTTTAACA	GCTTTTTTTTTTTAACA
I	5173430	.	1	GTTTTTTTTTTTTTTTGTTGAATAC	.	GTTTTTTTTTTTTTTTTGTTGAATAC	.
I	5176926	.	1	TAAAAAAAAAAAAAAAAAAAGAAACAAGAAAAACCATTT	.	AAAAAAAAAAAAAAAAAAAAGAAACAAGAAAAACCATTT	.
I	.	5191003	2	.	G	.	C
I	.	5194194	2	.	T	.	C
I	.	5194780	2	.	TT	.	CC
I	.	5199362	2	.	T	.	C
I	5271466	5271466	O	AA	A	TA	T
I	5368262	.	1	TCCCAT	.	TCCAT	.
I	5368273	.	1	GTTTGGA	.	GTTTTGGA	.
I	5400080	5400080	B	C	C	T	T
I	5413497	.	1	ATTTTTTTTTTGAAA	.	ATTTTTTTTTTTGAAA	.
I	5426622	.	1	CTTTTTTTTTTTTTCTTTTTTGGAG	.	CTTTTTTTTTTTTTTCTTTTTTGGAG	.
I	5543973	.	1	T	.	C	.
I	5547223	.	1	TAAAAAAAAAAAAAAAAGGCGAT	.	TAAAAAAAAAAAAAAAGGCGAT	.
I	.	5574674	2	.	A	.	C
I	.	5575592	2	.	T	.	C
I	.	5575601	2	.	GGT	.	AGA
I	.	5576099	2	.	TC	.	GG
I	5579121	.	1	A	.	C	.
I	5579130	.	1	GAT	.	TCC	.
II	.	2925	2	.	A	.	T
II	.	17514	2	.	T	.	C
II	.	20779	2	.	A	.	C
II	.	20780	2	.	A	.	C
II	.	21072	2	.	A	.	T
II	.	23543	2	.	C	.	G
II	80199	.	1	A	.	C	.
II	80299	.	1	N	.	A	.
II	80300	.	1	NN	.	GG	.
II	.	91877	2	.	T	.	C
II	.	91880	2	.	G	.	C
II	.	93656	2	.	T	.	C
II	.	99889	2	.	A	.	G
II	106638	106638	B	T	T	C	C
II	128001	128001	B	TAAAAAAATAAAAAATCG	TAAAAAAATAAAAAATCG	TAAAAAATAAAAAATCG	TAAAAAATAAAAAATCG
II	146079	.	1	TCCCCCCCCTTA	.	TCCCCCCCTTA	.
II	153578	.	1	GC	.	AT	.
II	153847	153847	B	CTA	CTA	TTG	TTG
II	154044	.	1	G	.	A	.
II	154603	154603	B	A	A	C	C
II	.	251471	2	.	G	.	A
II	266718	266718	B	A	A	C	C
II	266780	266780	B	T	T	A	A
II	276539	276539	B	A	A	T	T
II	.	468847	2	.	TAAAAAAAAAAAATAAGATGAAAAGC	.	TAAAAAAAAAAATAAGATGAAAAGC
II	.	474054	2	.	A	.	C
II	484534	.	1	ATTTTTTTTTTTTTTTTTTTTAAAATATATAGAC	.	ATTTTTTTTTTTTTTTTTTTTTAAAATATATAGAC	.
II	501711	.	1	C	.	T	.
II	520829	520829	B	G	G	A	A
II	602525	602525	B	TAAAAAAAAAAAAAGTATAGT	TAAAAAAAAAAAAAGTATAGT	TAAAAAAAAAAAAGTATAGT	TAAAAAAAAAAAAGTATAGT
II	603279	603279	O	ATA	ATAA	AA	AAA
II	603305	603305	B	ACA	ACA	AA	AA
II	.	626671	2	.	CCG	.	CCC
II	685728	685728	B	G	G	A	A
II	.	689244	2	.	T	.	C
II	689471	.	1	A	.	C	.
II	689473	.	1	A	.	C	.
II	689476	.	1	A	.	T	.
II	689477	.	1	AT	.	CC	.
II	689479	.	1	TA	.	CT	.
II	689489	.	1	A	.	G	.
II	689490	.	1	GT	.	GAT	.
II	689795	.	1	A	.	C	.
II	689796	.	1	CA	.	CC	.
II	689800	.	1	A	.	C	.
II	692671	.	1	A	.	T	.
II	692673	.	1	C	.	T	.
II	692674	.	1	C	.	T	.
II	692675	.	1	CC	.	TC	.
II	692677	.	1	CC	.	CT	.
II	692703	.	1	AT	.	GG	.
II	693493	.	1	G	.	C	.
II	693494	.	1	A	.	C	.
II	693499	.	1	CT	.	CC	.
II	693504	.	1	CAC	.	CTC	.
II	695442	.	1	G	.	C	.
II	695823	.	1	C	.	T	.
II	695831	.	1	G	.	C	.
II	695833	.	1	G	.	A	.
II	695834	.	1	A	.	G	.
II	699951	699951	B	TGTA	TGTA	GTTA	GTTA
II	699961	699961	B	A	A	T	T
II	700009	.	1	TAACAAG	.	TACAAG	.
II	700113	700113	B	A	A	T	T
II	869806	869806	B	G	G	C	C
II	879033	879032	O	T	TT	A	TA
II	888599	888599	B	ACCGA	ACCGA	ACGA	ACGA
II	903106	903106	B	GGT	GGT	GTGT	GTGT
II	923543	923543	B	C	C	A	A
II	943554	943554	B	C	C	A	A
II	953201	953201	B	A	A	G	G
II	962880	962878	O	C	ATC	G	ATG
II	967094	967094	B	A	A	G	G
II	1019510	.	1	TAAAAAAAAAAAAAAAAAAAAAATTGTTATGT	.	TAAAAAAAAAAAAAAAAAAAAATTGTTATGT	.
II	1079843	1079843	B	TAAAAAAAAAAAATTGT	TAAAAAAAAAAAATTGT	TAAAAAAAAAAAAATTGT	TAAAAAAAAAAAAATTGT
II	1155903	1155903	B	T	T	A	A
II	1159678	.	1	G	.	C	.
II	1159694	.	1	A	.	T	.
II	1163154	1163154	B	ATTAG	ATTAG	ATAG	ATAG
II	.	1170025	2	.	C	.	T
II	1266289	.	1	TAAAAAAAAAAAAAAAGAATTAAATAGTAT	.	TAAAAAAAAAAAAAAAAGAATTAAATAGTAT	.
II	1308618	1308618	B	GTTTTTTTTTGCA	GTTTTTTTTTGCA	GTTTTTTTTGCA	GTTTTTTTTGCA
II	1422317	1422317	B	T	T	A	A
II	1553976	1553976	B	A	A	T	T
II	1555935	1555935	B	C	C	A	A
II	.	1598534	2	.	C	.	T
II	.	1599650	2	.	A	.	C
II	.	1599651	2	.	A	.	C
II	.	1600740	2	.	G	.	T
II	.	1607834	2	.	A	.	G
II	1612772	.	1	A	.	C	.
II	.	1615139	2	.	A	.	C
II	1616570	.	1	CNNNNN	.	CTCTCT	.
II	1616671	.	1	TTC	.	AGA	.
II	.	1628147	2	.	A	.	G
II	.	1628148	2	.	A	.	G
II	1629652	.	1	G	.	A	.
II	1635004	.	1	A	.	C	.
II	1635110	.	1	T	.	G	.
II	.	1637090	2	.	A	.	G
II	.	1641914	2	.	G	.	C
II	.	1641917	2	.	A	.	G
II	.	1646382	2	.	A	.	G
II	.	1646383	2	.	C	.	G
II	1672859	1672859	B	C	C	T	T
II	1673002	1673001	O	G	CG	C	CC
II	1678693	1678693	B	T	T	A	A
II	1683324	1683324	B	T	T	G	G
II	1697124	1697124	B	C	C	T	T
II	1716318	.	1	AAT	.	GAG	.
II	1716326	.	1	G	.	T	.
II	1747580	1747580	B	TAAAAAAAAATGAAAAAGAGAT	TAAAAAAAAATGAAAAAGAGAT	TAAAAAAAATGAAAAAGAGAT	TAAAAAAAATGAAAAAGAGAT
II	1784826	1784826	B	G	G	A	A
II	.	1802951	2	.	CTAGCA	.	CCTCCCC
II	.	1816388	2	.	T	.	C
II	1816756	.	1	T	.	C	.
II	1816760	.	1	T	.	G	.
II	1816766	.	1	GG	.	CC	.
II	1818220	.	1	CTCTCTTCTCTTCTCTTCA	.	CTCTCTTCTCTTCA	.
II	1849777	1849777	B	G	G	A	A
II	1861420	1861420	B	TGT	TGT	TT	TT
II	1867795	1867795	B	ATTTTTTTTTTACG	ATTTTTTTTTTACG	ATTTTTTTTTTTACG	ATTTTTTTTTTTACG
II	1873779	1873779	B	TAACC	TAACC	TAAACC	TAAACC
II	1877294	1877294	B	ATTTTTTTTTTTGTCTCA	ATTTTTTTTTTTGTCTCA	ATTTTTTTTTTTTGTCTCA	ATTTTTTTTTTTTGTCTCA
II	1941966	.	1	AGA	.	ATGA	.
II	1941982	1941982	B	AGA	AGA	ATGA	ATGA
II	1948953	1948953	B	GAAGC	GAAGC	GAGC	GAGC
II	1950050	1950050	B	AGGTT	AGGTT	AGGGTT	AGGGTT
II	1955495	.	1	TAAAAAAAAAAAAAAGAAAGAAAATGAAAACTC	.	TAAAAAAAAAAAAAAAGAAAGAAAATGAAAACTC,AAAAAAAAAAAAAAAGAAAGAAAATGAAAACTC	.
II	1960391	1960391	B	TATTCG	TATTCG	TAGTTCG	TAGTTCG
II	1962419	.	1	T	.	A	.
II	1962439	1962439	B	A	A	G	G
II	1962458	1962458	B	T	T	A	A
II	1965969	.	1	A	.	T	.
II	1965971	.	1	AG	.	TC	.
II	1965991	.	1	A	.	C	.
II	1967470	.	1	T	.	C	.
II	1967471	.	1	TT	.	CT	.
II	1967479	.	1	G	.	T	.
II	1967480	.	1	G	.	C	.
II	1967481	.	1	TG	.	CC	.
II	.	1968318	2	.	TTC	.	TCC
II	.	1973787	2	.	C	.	T
II	1975467	1975467	B	C	C	T	T
II	1987098	.	1	CAACGGAA	.	AAACGAA	.
II	1987117	.	1	TGGCA	.	TGCA	.
II	2007715	2007715	B	A	A	G	G
II	.	2041279	2	.	G	.	A
II	2044929	2044928	O	A	TAA	T	TTA
II	2049891	2049891	B	ATTTGA	ATTTGA	ATTGA	ATTGA
II	2053516	2053514	O	GCT	AGGCT	GCCT	AGGCCT
II	2108180	2108180	B	TCCAA	TCCAA	TACCAA	TACCAA
II	2115392	.	1	TCCT	.	TCCCCA	.
II	2115412	.	1	G	.	C	.
II	2115413	.	1	T	.	C	.
II	2115415	.	1	T	.	C	.
II	2115418	.	1	A	.	C	.
II	2147726	.	1	GTCA	.	GTTCA	.
II	2148287	.	1	TATATATTG	.	GGGAAATTT	.
II	2160867	.	1	ACA	.	AA	.
II	2187407	2187407	B	GCA	GCA	GACA	GACA
II	2219928	.	1	ATG	.	ATTG	.
II	2228775	2228775	B	TTG	TTG	GTT	GTT
II	2293297	2293297	O	GAAAAAAAACTC	GAAAAAAAACTCGT	GAAAAAAACTC	GAAAAAAACTCGT
II	2322353	2322353	B	GAAAAAAAAACGG	GAAAAAAAAACGG	GAAAAAAAAAACGG	GAAAAAAAAAACGG
II	2347656	2347656	B	G	G	A	A
II	2436580	2436580	B	C	C	G	G
II	.	2437855	2	.	A	.	C
II	2443873	.	1	TAAAAAAAAAAAAAAAAAAAAAAAACGCTTT	.	TAAAAAAAAAAAAAAAAAAAAAAAAAACGCTTT	.
II	2444543	2444541	O	T	TGTTA	C	TGCTA
II	2592423	.	1	TAAAAAAAAAAACTTAC	.	TAAAAAAAAAAAACTTAC	.
II	2630607	.	1	CAAAAAAAAAAAAAAAGATTTTATAT	.	CAAAAAAAAAAAAAAAAGATTTTATAT	.
II	2640785	.	1	TAAAAAAAAAAAAAAAAAAAGAGAAAAAGATACAGCT	.	AAAAAAAAAAAAAAAAAAAAGAGAAAAAGATACAGCT	.
II	2676336	2676336	B	C	C	T	T
II	.	2689713	2	.	C	.	T
II	2709414	2709413	O	GCT	AGCT	GCCT	AGCCT
II	2713912	.	1	CTTTTTTTTTTGTTATTTTTTCAC	.	CTTTTTTTTTTTGTTATTTTTTCAC	.
II	2744831	.	1	C	.	T	.
II	2755338	.	1	CATATATATATATATATATATATATTA	.	CATATATATATATATATATATATTA	.
II	2764636	.	1	C	.	T	.
II	2788933	2788933	B	CAAATAAC	CAAATAAC	CGAAATAAC	CGAAATAAC
II	2798040	2798040	B	CTTGG	CTTGG	CTGG	CTGG
II	2798514	2798513	O	AGA	AAGA	AA	AAA
II	2806053	2806053	B	G	G	A	A
II	2811495	2811495	B	CAATAC	CAATAC	CATAC	CATAC
II	2901509	2901509	B	G	G	T	T
II	2938956	2938956	B	CTTTTTTTTTTTTTAAGG	CTTTTTTTTTTTTTAAGG	CTTTTTTTTTTTTTTAAGG	CTTTTTTTTTTTTTTAAGG
II	3006137	3006137	B	A	A	T	T
II	3040332	3040332	B	CGC	CGC	CGGC	CGGC
II	3171788	.	1	GAAAAAAAAAAAAAAAAAAAACTATGATT	.	GAAAAAAAAAAAAAAAAAAAAACTATGATT	.
II	3610348	.	1	G	.	A	.
II	.	3618319	2	.	C	.	A
II	3619002	3619003	O	TAGTTG	AGT	TAGGTTG	AGGT
II	.	3681059	2	.	CAAAAAAAAGAATTT	.	CAAAAAAAGAATTT
II	3799350	.	1	GAAAAAAAAAAAAAAAAAAAGAAAATACATTAGAATAG	.	AAAAAAAAAAAAAAAAAAAAGAAAATACATTAGAATAG	.
II	3838101	.	1	CAAAAAAAAAAAAAAGCGAAATG	.	CAAAAAAAAAAAAAGCGAAATG	.
II	3860190	.	1	A	.	C	.
II	3995490	3995490	B	G	G	T	T
II	4122326	4122326	B	T	T	C	C
II	4254960	4254960	B	GAATAC	GAATAC	GATAC	GATAC
II	4308414	.	1	CAAAAAAAAAAAAAAATACCCAAAATAATC	.	CAAAAAAAAAAAAAAAATACCCAAAATAATC	.
II	4400666	4400666	B	A	A	C	C
II	.	4415919	2	.	A	.	G
II	.	4422645	2	.	T	.	G
II	.	4424546	2	.	TGGT	.	GAAA
II	.	4499904	2	.	G	.	C
II	.	4499905	2	.	A	.	C
II	.	4502356	2	.	A	.	T
II	.	4505665	2	.	A	.	C
II	.	4520345	2	.	CCT	.	GGG
II	.	4520372	2	.	CC	.	GG
II	.	4525354	2	.	T	.	G
II	.	4527803	2	.	A	.	G
II	.	4527882	2	.	G	.	A
II	4527901	.	1	T	.	G	.
II	4527912	.	1	A	.	C	.
II	4529375	.	1	T	.	G	.
II	.	4531214	2	.	A	.	T
II	4532088	.	1	G	.	T	.
II	4533394	4533394	B	T	T	C	C
II	4533451	4533451	B	T	T	C	C
II	4533617	.	1	A	.	G	.
II	4533636	4533636	B	C	C	T	T
II	4533744	4533744	B	T	T	C	C
II	4533922	4533922	B	G	G	A	A
II	4533994	4533994	B	T	T	C	C
II	4534246	4534246	B	C	C	A	A
II	4534498	4534498	B	A	A	C	C
II	4535727	.	1	AGGAGT	.	AGAGT	.
II	4536550	.	1	C	.	A	.
II	4537213	4537213	B	GTTGA	GTTGA	GTTTGA,GCTGA	GTTTGA
II	4537402	4537402	B	A	A	G	G
II	4537844	4537844	B	T	T	C	C
II	4538048	4538048	B	CATGA	CATGA	TATGG,CATGG	TATGG,CATGG
II	4538091	4538091	B	T	T	C	C
II	4538164	4538164	B	A	A	T	T
II	4538173	4538173	B	AC	AC	TA	CC
II	4538176	.	1	C	.	G	.
II	4538327	.	1	ATAAG	.	ACAGA	.
II	4538366	4538366	B	G	G	A	A
II	4538770	4538769	O	T	AT	C	AC
II	.	4538906	2	.	C	.	T
II	4539524	4539524	B	G	G	A	A
II	4539673	4539673	B	T	T	A	A
II	4539725	4539725	B	T	T	C	C
III	7	.	1	C	.	G	.
III	8	.	1	C	.	G	.
III	12	12	B	A	A	G	G
III	13	.	1	T	.	G	.
III	538	.	1	C	.	G	.
III	539	.	1	C	.	G	.
III	.	5854	2	.	A	.	C
III	6005	.	1	A	.	G	.
III	6007	.	1	A	.	G	.
III	6008	.	1	A	.	G	.
III	6009	.	1	A	.	G	.
III	10502	.	1	G	.	C	.
III	16875	.	1	A	.	G	.
III	16877	.	1	A	.	G	.
III	16878	.	1	A	.	G	.
III	16879	.	1	A	.	G	.
III	16882	.	1	T	.	G	.
III	21372	.	1	G	.	C	.
III	22676	.	1	T	.	G	.
III	.	24557	2	.	T	.	C
III	24558	24558	B	A	A	C	C
III	24560	24560	B	T	T	C	C
III	24561	.	1	A	.	C	.
III	24563	.	1	T	.	C	.
III	24564	24564	B	A	A	T	T
III	.	24565	2	.	C	.	T
III	.	24567	2	.	A	.	T
III	.	25695	2	.	A	.	G
III	.	122747	2	.	CTTTTTTTTCCTTTGTTTTTTTGCTA	.	CTTTTTTTTTCCTTTGTTTTTTTGCTA
III	123340	123340	B	NCC	NCC	A	ACC
III	138018	138018	B	CAAAAAAAAAACTCT	CAAAAAAAAAACTCT	CAAAAAAAAAAACTCT	CAAAAAAAAAAACTCT
III	.	174296	2	.	T	.	C
III	.	174299	2	.	T	.	C
III	221306	.	1	A	.	T	.
III	227730	227730	B	A	A	T	T
III	284657	284657	B	C	C	A	A
III	286478	.	1	CTTTTTTTTTTTTTTAAGTTGA	.	CTTTTTTTTTTTTTTTAAGTTGA	.
III	365747	.	1	CAAAAAAAAAAAAAAAGGAAAGAACGCAAAT	.	CAAAAAAAAAAAAAAGGAAAGAACGCAAAT	.
III	.	540881	2	.	C	.	T
III	.	577996	2	.	G	.	A
III	679772	679772	B	T	T	C	C
III	.	691441	2	.	A	.	G
III	717677	.	1	ATTTTTTTTTTTTTTTTTTTTTATTTAAATTCTCTTCCA	.	AATTTTTTTTTTTTTTTTTTTTATTTAAATTCTCTTCCA	.
III	.	719808	2	.	T	.	A
III	719955	719955	B	ACCTA	ACCTA	ACTA	ACTA
III	719996	.	1	TCATTC	.	TCATTT	.
III	720683	720683	B	ATTTTTTTTTTTTTACCA	ATTTTTTTTTTTTTACCA	ATTTTTTTTTTTTTTACCA	ATTTTTTTTTTTTTTACCA
III	774010	.	1	C	.	T	.
III	.	781794	2	.	G	.	C
III	858080	.	1	G	.	A	.
III	867865	867865	B	CTTTTTTTTTTATATTTTTTAAAATATATTC	CTTTTTTTTTTATATTTTTTAAAATATATTC	CTTTTTTTTTATATTTTTTAAAATATATTC	CTTTTTTTTTATATTTTTTAAAATATATTC
III	.	961970	2	.	G	.	C
III	.	961972	2	.	G	.	C
III	963343	963343	B	A	A	G	G
III	1016311	1016311	O	GCT	GCTTC	GCCT	GCCTTC
III	.	1073499	2	.	AT	.	CC
III	.	1073530	2	.	A	.	G
III	.	1074268	2	.	A	.	C
III	.	1075513	2	.	T	.	G
III	.	1075542	2	.	A	.	G
III	.	1075562	2	.	T	.	G
III	.	1075599	2	.	T	.	G
III	.	1077145	2	.	T	.	G
III	.	1077174	2	.	G	.	C
III	.	1080149	2	.	A	.	G
III	.	1080150	2	.	T	.	A
III	.	1080165	2	.	AT	.	GG
III	.	1080642	2	.	T	.	G
III	1083348	1083346	O	CNNN	ATCN	CCTC,CTCT	TTCT
III	1083352	.	1	NNN	.	CCC,TCC	.
III	1083443	.	1	NNNNNN	.	GGAGAG	.
III	1084182	.	1	T	.	G	.
III	1084207	.	1	T	.	G	.
III	1084210	.	1	T	.	G	.
III	.	1084550	2	.	TG	.	CC
III	1085605	.	1	A	.	C	.
III	.	1093822	2	.	T	.	G
III	.	1096178	2	.	A	.	C
III	.	1106337	2	.	C	.	G
III	.	1106338	2	.	C	.	G
III	.	1107228	2	.	T	.	C
III	.	1110027	2	.	A	.	C
III	.	1110540	2	.	G	.	A
III	1113753	.	1	T	.	C	.
III	.	1114765	2	.	A	.	C
III	.	1116348	2	.	C	.	A
III	1120116	.	1	T	.	G	.
III	1121550	.	1	A	.	C	.
III	1121557	.	1	C	.	T	.
III	1121558	.	1	T	.	C	.
III	.	1121780	2	.	A	.	G
III	.	1121785	2	.	T	.	G
III	.	1125685	2	.	A	.	G
III	.	1125686	2	.	A	.	G
III	.	1125687	2	.	A	.	G
III	.	1125696	2	.	A	.	G
III	1126871	.	1	T	.	G	.
III	1126872	.	1	C	.	G	.
III	.	1128252	2	.	C	.	T
III	.	1132240	2	.	T	.	C
III	.	1133223	2	.	T	.	C
III	1133618	.	1	T	.	G	.
III	1133631	.	1	T	.	G	.
III	1133632	1133632	B	C	C	G	A
III	1135072	.	1	T	.	C	.
III	1168328	1168328	B	T	T	C	C
III	1168363	1168363	B	G	G	A	A
III	1168405	1168404	O	TAAAAAAAATAAGAAAACC	ATAAAAAAAATAAGAAAACC	TAAAAAAATAAGAAAACC	ATAAAAAAATAAGAAAACC
III	1244495	.	1	GTTTTTTTTTTTAGTGG	.	GTTTTTTTTTTTTAGTGG	.
III	.	1246664	2	.	G	.	T
III	.	1260881	2	.	GG	.	AA
III	1374938	1374938	B	A	A	T	T
III	1394597	.	1	CAAAAAAAAAAAAAGGAAAAAATCAAAGAAT	.	CAAAAAAAAAAAAAAGGAAAAAATCAAAGAAT	.
III	1493950	1493950	B	A	A	G	G
III	1494129	.	1	T	.	G	.
III	1494164	1494164	B	A	A	G	G
III	1494282	1494282	B	G	G	A	A
III	1533938	.	1	G	.	A	.
III	.	1534598	2	.	G	.	A
III	.	1580185	2	.	T	.	C
III	1685487	1685487	B	GAAAACCAAAG	GAAAACCAAAG	GAAAAACCAAAG	GAAAAACCAAAG
III	1756400	1756400	B	TAATAAAG	TAATAAAG	TATAAAG	TATAAAG
III	1765401	1765401	B	G	G	T	T
III	1772337	.	1	G	.	A	.
III	1774235	1774235	O	TCTTTAA	TCTTT	TGATCCTTTAA	TGATCCTTT
III	.	1859732	2	.	CAACTTTTTTTTTTCTCTTGG	.	CAACTTTTTTTCTCTTGG
III	1862803	1862803	B	A	A	G	G
III	1903840	.	1	C	.	T	.
III	.	2087758	2	.	CTTTTTTTTTTTAAAAAATG	.	CTTTTTTTTTTTTAAAAAATG
III	.	2126500	2	.	CG	.	CC
III	2190252	.	1	GAAAAAAAAAAAAAAACCTCAAAATT	.	GAAAAAAAAAAAAAAAACCTCAAAATT	.
III	2279156	2279156	B	C	C	T	T
III	2381979	2381977	O	G	TGG	T	TGT
III	.	2433783	2	.	C	.	G
III	.	2433790	2	.	A	.	C
III	.	2436988	2	.	A	.	C
III	.	2439561	2	.	T	.	G
III	2439562	2439562	B	A	A	G	G
III	2439564	2439564	B	T	T	G	G
III	2439567	2439567	B	T	T	G	G
III	2439568	.	1	A	.	G	.
III	2448309	2448309	B	TAAAAAAAAAAAAAAGACCAATAAG	TAAAAAAAAAAAAAAGACCAATAAG	TAAAAAAAAAAAAGACCAATAAG	TAAAAAAAAAAAAGACCAATAAG
mating_type_region	7	.	1	C	.	G	.
mating_type_region	10	.	1	G	.	A	.
mating_type_region	11	.	1	T	.	A	.
mating_type_region	12	.	1	AAA	.	GAG	.
mating_type_region	20	.	1	T	.	G	.
mating_type_region	21	.	1	T	.	G	.
mating_type_region	23	.	1	A	.	G	.
mating_type_region	26	.	1	A	.	G	.
mating_type_region	27	.	1	A	.	G	.
mating_type_region	3213	.	1	AG	.	CA	.
mating_type_region	3225	.	1	T	.	G	.
mating_type_region	5190	.	1	TCCTA	.	TCTA	.
mating_type_region	5225	.	1	ATTTTTTTCAG	.	ATTTTTTCAG	.
mating_type_region	5250	.	1	C	.	A	.
mating_type_region	5318	.	1	AT	.	TA	.
mating_type_region	5358	.	1	A	.	C	.
mating_type_region	5910	.	1	G	.	T	.
mating_type_region	6421	.	1	G	.	T	.
mating_type_region	6715	.	1	G	.	A	.
mating_type_region	6743	.	1	G	.	A	.
mating_type_region	6870	.	1	CC	.	AA	.
mating_type_region	6973	.	1	T	.	A	.
mating_type_region	7159	.	1	C	.	A	.
mating_type_region	7579	.	1	C	.	A	.
mating_type_region	7597	.	1	G	.	A	.
mating_type_region	7609	.	1	AGAATT	.	AGAAATT	.
mating_type_region	7657	.	1	C	.	G	.
mating_type_region	8179	.	1	C	.	T	.
mating_type_region	8312	.	1	TT	.	AA	.
mating_type_region	8451	.	1	T	.	A	.
mating_type_region	8827	.	1	GTGGG	.	TTGAA	.
mating_type_region	8888	.	1	C	.	T	.
mating_type_region	9266	.	1	CAC	.	CAAC	.
mating_type_region	9511	.	1	C	.	T	.
mating_type_region	10115	.	1	TC	.	TT	.
mating_type_region	11120	.	1	C	.	A	.
mating_type_region	11188	.	1	G	.	A	.
mating_type_region	11211	.	1	AAGC	.	AAAC	.
mating_type_region	.	11519	2	.	C	.	T
mating_type_region	12413	.	1	CCA	.	GCA	.
mating_type_region	13498	.	1	ATTTTAC	.	ATTTTTAC	.
mating_type_region	13801	.	1	ATTTTTAAATTATATTTG	.	ATTTTTTAAATTATATTTG	.
mating_type_region	14869	.	1	AGGCT	.	AGCT	.
mating_type_region	14994	.	1	GTC	.	GCTC	.
mating_type_region	15049	.	1	G	.	A	.
mating_type_region	15429	.	1	GCCTT	.	GCACCTT	.
mating_type_region	.	17993	2	.	C	.	G
mating_type_region	20099	.	1	T	.	C	.
mating_type_region	20101	.	1	T	.	C	.
mating_type_region	20103	.	1	T	.	C	.
mating_type_region	20107	.	1	T	.	C	.
mating_type_region	20108	.	1	T	.	C	.
mating_type_region	20109	.	1	T	.	C	.
mating_type_region	20110	.	1	T	.	C	.
mating_type_region	20111	.	1	T	.	C	.
mating_type_region	20114	.	1	T	.	C	.
mating_type_region	20115	.	1	T	.	C	.
mating_type_region	20116	.	1	TTT	.	CTC	.
mating_type_region	20119	.	1	A	.	C	.
mitochondrial	2363	2365	O	TCCT	CTCCGGTTGTAGCAGATTGGAAGGGTTAGACTGTTCGTC	TCCTC	TCCGGTTGTAGCAGATTGGAAGGGTTAGACTGTTCGTCT
mitochondrial	2367	.	1	CCGGTTGTAGCAGATTGGAA	.	CGGTTGTAGCAGATTGGAAG	.
mitochondrial	2387	2404	O	GGGTTAGACTGTTCGTCTA	TATTTAAAAGGTTACGTGAGTTGGGTTAAATCCGTCGTAAGA	GGTTAGACTGTTCGTCTAT	ATTTAAAAGGTTACGTGAGTTGGGTTAAATCCGTCGTAAGAC
mitochondrial	2406	.	1	TTTAAAAGGTTACGTGAGTT	.	TTAAAAGGTTACGTGAGTTG	.
mitochondrial	2426	.	1	GGGTTAAATCCGTCGTAA	.	GGTTAAATCCGTCGTAAG	.
mitochondrial	2444	2446	O	GACAGGATGGTTCCTATC	CAGGATGGTTCCTATCTACTGAGGG	ACAGGATGGTTCCTATCT	AGGATGGTTCCTATCTACTGAGGGA
mitochondrial	2462	.	1	TACTGAGGG	.	ACTGAGGGA	.
mitochondrial	2475	2475	B	ATAAGCAAATTAAAATTTATCTTTTGTACGCAAGGA	ATAAGCAAATTAAAATTTATCTTTTGTACGCAAGGA	TAAGCAAATTAAAATTTATCTTTTGTACGCAAGGAT	TAAGCAAATTAAAATTTATCTTTTGTACGCAAGGAT
mitochondrial	2511	2511	B	TTTAGATAATTCAATCTCTAGTTTAACTATTGTTACTTAAA	TTTAGATAATTCAATCTCTAGTTTAACTATTGTTACTTAAA	TTAGATAATTCAATCTCTAGTTTAACTATTGTTACTTAAAT	TTAGATAATTCAATCTCTAGTTTAACTATTGTTACTTAAAT
mitochondrial	2552	2552	B	TAAAAGTACTTTATTCAAAAGTT	TAAAAGTACTTTATTCAAAAGTT	AAAAGTACTTTATTCAAAAGTTA	AAAAGTACTTTATTCAAAAGTTA
mitochondrial	2579	2579	B	ATTAAGTAGCACGGTAGTAAAGCCAAATTGAACAAATT	ATTAAGTAGCACGGTAGTAAAGCCAAATTGAACAAATT	TTAAGTAGCACGGTAGTAAAGCCAAATTGAACAAATTA	TTAAGTAGCACGGTAGTAAAGCCAAATTGAACAAATTA
mitochondrial	2621	2621	B	ACTGAAAGCATCTCAAGTTTGAAATTTA	ACTGAAAGCATCTCAAGTTTGAAATTTA	CTGAAAGCATCTCAAGTTTGAAATTTAT	CTGAAAGCATCTCAAGTTTGAAATTTAT
mitochondrial	2649	2649	B	TTTAAAGAGCTTA	TTTAAAGAGCTTA	TTAAAGAGCTTAT	TTAAAGAGCTTAT
mitochondrial	2662	2662	B	TATTAAGAAAGTAGAAAACTTTCC	TATTAAGAAAGTAGAAAACTTTCC	ATTAAGAAAGTAGAAAACTTTCCA	ATTAAGAAAGTAGAAAACTTTCCA
mitochondrial	2686	2686	O	AAAAGGACATCCTTAGGA	AAAAGGACATCCTTA	AAAGGACATCCTTAGGAT	AAAGGACATCCTTAG
mitochondrial	2704	2701	O	TGTACAAATCCTTATTTTAGT	GGATGTACAAATCCTTATTTTAGT	GTACAAATCCTTATTTTAGTA	GATGTACAAATCCTTATTTTAGTA
mitochondrial	2725	2725	O	AAATCATTGTTTAGATAGA	AAATCATTGTTTAGA	AATCATTGTTTAGATAGAT	AATCATTGTTTAGAT
mitochondrial	2744	2740	O	TTTAGTTAA	TAGATTTAGTTAA	TTAGTTAAT	AGATTTAGTTAAT
mitochondrial	2758	2758	B	TAACCAAAGGGATTATCTCTTTGCTAA	TAACCAAAGGGATTATCTCTTTGCTAA	AACCAAAGGGATTATCTCTTTGCTAAT	AACCAAAGGGATTATCTCTTTGCTAAT
mitochondrial	2790	2790	B	TAAATAACTGGAAATTGCCTAATTACACAA	TAAATAACTGGAAATTGCCTAATTACACAA	AAATAACTGGAAATTGCCTAATTACACAAT	AAATAACTGGAAATTGCCTAATTACACAAT
mitochondrial	2827	2827	B	TACCA	TACCA	ACCAT	ACCAT
mitochondrial	2838	2838	O	TGATGAGGGTATTGTTTAAA	TGATGAGGGTATTGTTT	GATGAGGGTATTGTTTAAAG	GATGAGGGTATTGTTTA
mitochondrial	2858	2855	O	GGGGATGTAGCTCAATGGTTA	AAAGGGGATGTAGCTCAATGGTTA	GGGATGTAGCTCAATGGTTAG	AAGGGGATGTAGCTCAATGGTTAG
mitochondrial	2879	2879	B	GAGCTTTCGCCTTTTAA	GAGCTTTCGCCTTTTAA	AGCTTTCGCCTTTTAAG	AGCTTTCGCCTTTTAAG
mitochondrial	2896	2896	B	GCGATAGGATAAGGGTTCAAAT	GCGATAGGATAAGGGTTCAAAT	CGATAGGATAAGGGTTCAAATC	CGATAGGATAAGGGTTCAAATC
mitochondrial	2918	2918	B	CCCTTCAGACCCATAAAT	CCCTTCAGACCCATAAAT	CCTTCAGACCCATAAATA	CCTTCAGACCCATAAATA
mitochondrial	2936	2936	B	AAAAGAACTAACTTCTCAT	AAAAGAACTAACTTCTCAT	AAAGAACTAACTTCTCATA	AAAGAACTAACTTCTCATA
mitochondrial	2955	2955	B	AAAAGTGAGTTAAAGG	AAAAGTGAGTTAAAGG	AAAGTGAGTTAAAGGA	AAAGTGAGTTAAAGGA
mitochondrial	2975	2975	O	ATAGTTCTAATTGGTAAGAA	ATAGTTCTAATTGGTAAGAAGGATAC	TAGTTCTAATTGGTAAGAAG	TAGTTCTAATTGGTAAGAAGGATACT
mitochondrial	2995	3001	O	GGATACTTGCTACGTATCT	TTGCTACGTATCT	GATACTTGCTACGTATCTG	TGCTACGTATCTG
mitochondrial	3014	3014	B	GGTGAATAACCTTGTGAG	GGTGAATAACCTTGTGAG	GTGAATAACCTTGTGAGT	GTGAATAACCTTGTGAGT
mitochondrial	3032	3032	B	TTCGAGTCTCAC	TTCGAGTCTCAC	TCGAGTCTCACT	TCGAGTCTCACT
mitochondrial	3048	3048	B	TCCGTAAATA	TCCGTAAATA	CCGTAAATAT	CCGTAAATAT
mitochondrial	3058	3058	B	TTTGTTG	TTTGTTG	TTGTTGT	TTGTTGT
mitochondrial	3066	3065	O	T	TTGTAGCTCAATGGTAGAGCAAGTCACTG	G	TGTAGCTCAATGGTAGAGCAAGTCACTGT
mitochondrial	3067	.	1	G	.	T	.
mitochondrial	3068	.	1	T	.	A	.
mitochondrial	3069	.	1	A	.	G	.
mitochondrial	3070	.	1	G	.	C	.
mitochondrial	3071	.	1	C	.	T	.
mitochondrial	3072	.	1	T	.	C	.
mitochondrial	3073	.	1	C	.	A	.
mitochondrial	3075	.	1	A	.	T	.
mitochondrial	3076	3094	O	TGGTAGAGCAAGTCACTGTTAATGACCTGATAGTGG	TTAATGACCTGATAGTGGTTCGATTCCACTCAATAACGAT	GGTAGAGCAAGTCACTGTTAATGACCTGATAGTGGT	TAATGACCTGATAGTGGTTCGATTCCACTCAATAACGATA
mitochondrial	3112	.	1	TTCGATTCCACTCAATAACGAT	.	TCGATTCCACTCAATAACGATA	.
mitochondrial	3138	3138	B	ATATATATAATGAGTTTGATGTTAGCTCGG	ATATATATAATGAGTTTGATGTTAGCTCGG	TATATATAATGAGTTTGATGTTAGCTCGGT	TATATATAATGAGTTTGATGTTAGCTCGGT
mitochondrial	3168	3168	B	TTATAACGCTA	TTATAACGCTA	TATAACGCTAT	TATAACGCTAT
mitochondrial	3179	3179	B	TCTAGAGATTTTAACACATGCAAATCG	TCTAGAGATTTTAACACATGCAAATCG	CTAGAGATTTTAACACATGCAAATCGA	CTAGAGATTTTAACACATGCAAATCGA
mitochondrial	3206	3206	B	AACGAATCAAC	AACGAATCAAC	ACGAATCAACA	ACGAATCAACA
mitochondrial	3221	3221	B	ACAATACATCCTTTAGGGGATGTTTGTG	ACAATACATCCTTTAGGGGATGTTTGTG	CAATACATCCTTTAGGGGATGTTTGTGT	CAATACATCCTTTAGGGGATGTTTGTGT
mitochondrial	3255	3255	B	TGTGACGTGGTGAACAGGTGAGTAAAA	TGTGACGTGGTGAACAGGTGAGTAAAA	GTGACGTGGTGAACAGGTGAGTAAAAG	GTGACGTGGTGAACAGGTGAGTAAAAG
mitochondrial	3282	3282	B	GGGAAGAACGGACC	GGGAAGAACGGACC	GGAAGAACGGACCT	GGAAGAACGGACCT
mitochondrial	3296	3296	B	TTAAATTTCGGCTAAATTCCGAAT	TTAAATTTCGGCTAAATTCCGAAT	TAAATTTCGGCTAAATTCCGAATA	TAAATTTCGGCTAAATTCCGAATA
mitochondrial	3320	3320	O	AAACACACTCTTTT	AAACACACTC	AACACACTCTTTTG	AACACACTCT
mitochondrial	3334	3330	O	GGAGTGTTGTGAAAGAAGTGAAAAC	TTTTGGAGTGTTGTGAAAGAAGTGAAAAC	GAGTGTTGTGAAAGAAGTGAAAACT	TTTGGAGTGTTGTGAAAGAAGTGAAAACT
mitochondrial	3359	3359	O	TTTGATTTAAGACT	TTTGATTTAAG	TTGATTTAAGACTG	TTGATTTAAGA
mitochondrial	3373	3370	O	GGCTTCTTACGATT	ACTGGCTTCTTACGATTAAAGTAG	GCTTCTTACGATTA	CTGGCTTCTTACGATTAAAGTAGT
mitochondrial	3387	3394	O	AAAGTAGTTGGAGAGGTAAAAGCTT	TTGGAGAGGTAAAAGC	AAGTAGTTGGAGAGGTAAAAGCTTA	TGGAGAGGTAAAAGCT
mitochondrial	3412	3410	O	AACAAGCTCAAATCGT	TTAACAAGCTCAAATCGTAA	ACAAGCTCAAATCGTA	TAACAAGCTCAAATCGTAAT
mitochondrial	3428	3430	O	AATCATGACACTAAGT	TCATGACACTAAGT	ATCATGACACTAAGTG	CATGACACTAAGTG
mitochondrial	3444	3444	B	GGTGCTCTGATCACATT	GGTGCTCTGATCACATT	GTGCTCTGATCACATTG	GTGCTCTGATCACATTG
mitochondrial	3461	3461	B	GGCTCTGAGACAACAGCC	GGCTCTGAGACAACAGCC	GCTCTGAGACAACAGCCA	GCTCTGAGACAACAGCCA
mitochondrial	3479	3479	B	AAGATGAACATTTAGTTCAT	AAGATGAACATTTAGTTCAT	AGATGAACATTTAGTTCATC	AGATGAACATTTAGTTCATC
mitochondrial	3499	3499	O	CCAGCAGTGGAGAATA	CCAGCAGTGGAGAATATTAGT	CAGCAGTGGAGAATAT	CAGCAGTGGAGAATATTAGTC
mitochondrial	3515	3520	O	TTAGTCAATGATCGAAAGATTGAAC	CAATGATCGAAAGATTG	TAGTCAATGATCGAAAGATTGAACT	AATGATCGAAAGATTGA
mitochondrial	3540	3537	O	TAGTCATCTAGAAGAGTGAAACTTTTAGTTATAGCTCCTT	AACTAGTCATCTAGAAGAGTG	AGTCATCTAGAAGAGTGAAACTTTTAGTTATAGCTCCTTA	ACTAGTCATCTAGAAGAGTGA
mitochondrial	.	3558	2	.	AAACTTTTAGTTATAGCTCC	.	AACTTTTAGTTATAGCTCCT
mitochondrial	3581	3578	O	AATTAAGAAAATTTGATTCTTAA	TTAAATTAAGAAAATTTGA	ATTAAGAAAATTTGATTCTTAAT	TAAATTAAGAAAATTTGAT
mitochondrial	3604	3597	O	TTTTATGTAATTCTTGCC	TTCTTAATTTTATGTAATTC	TTTATGTAATTCTTGCCA	TCTTAATTTTATGTAATTCT
mitochondrial	3622	3617	O	AATTTCCGTG	TTGCCAATTTCCGTG	ATTTCCGTGC	TGCCAATTTCCGTGC
mitochondrial	3632	3632	O	CCAGCAGCAGCGGTTATAC	CCAGCAGCAGCGGTTATACGGATAG	CAGCAGCAGCGGTTATACG	CAGCAGCAGCGGTTATACGGATAGA
mitochondrial	3651	3657	O	GGATAGAATAAGCGTTTAACAT	AATAAGCGTTTAACAT	GATAGAATAAGCGTTTAACATA	ATAAGCGTTTAACATA
mitochondrial	3673	3673	B	AAT	AAT	ATA	ATA
mitochondrial	3680	3680	B	AGGCCT	AGGCCT	GGCCTA	GGCCTA
mitochondrial	3690	3690	B	AGTATGTAGATGG	AGTATGTAGATGG	GTATGTAGATGGA	GTATGTAGATGGA
mitochondrial	3709	3709	B	ACAAATC	ACAAATC	CAAATCT	CAAATCT
mitochondrial	3720	3720	B	TCTAGAGTAATAAAGATG	TCTAGAGTAATAAAGATG	CTAGAGTAATAAAGATGT	CTAGAGTAATAAAGATGT
mitochondrial	3738	3738	B	TTTGTAGTATTGTCAAATAA	TTTGTAGTATTGTCAAATAA	TTGTAGTATTGTCAAATAAG	TTGTAGTATTGTCAAATAAG
mitochondrial	3758	3758	B	GGGATCAAATCCGACAATC	GGGATCAAATCCGACAATC	GGATCAAATCCGACAATCT	GGATCAAATCCGACAATCT
mitochondrial	3777	3777	B	TTGATGAGACTGCTTAAGT	TTGATGAGACTGCTTAAGT	TGATGAGACTGCTTAAGTA	TGATGAGACTGCTTAAGTA
mitochondrial	3800	3800	O	ACTACTTACAATTAA	ACTAC	CTACTTACAATTAAT	CTACT
mitochondrial	.	3805	2	.	TTACAA	.	TACAAT
mitochondrial	3815	3811	O	TTACTGACATTGAGATACGAAGGC	TTAATTACTGACATTGAGATACGAAGGC	TACTGACATTGAGATACGAAGGCT	TAATTACTGACATTGAGATACGAAGGCT
mitochondrial	3839	3839	O	TTAGATCGCGAAAGAGA	TTAGATCGCGAAA	TAGATCGCGAAAGAGAT	TAGATCGCGAAAG
mitochondrial	3856	3852	O	TTAGATACCTCTGTAGTC	GAGATTAGATA	TAGATACCTCTGTAGTCT	AGATTAGATAC
mitochondrial	3874	3863	O	TAAGCTGTAAACGATTA	CCTCTGTAGTCTAAGCTGTAAACGATTA	AAGCTGTAAACGATTAT	CTCTGTAGTCTAAGCTGTAAACGATTAT
mitochondrial	3891	3891	O	TTGCTCTCCCAATC	TTGCTCT	TGCTCTCCCAATCT	TGCTCTC
mitochondrial	.	3898	2	.	CCCAATC	.	CCAATCT
mitochondrial	3909	3909	B	TGATTGGGTTTAGTGAAGACGGTAAGCAATATGCCT	TGATTGGGTTTAGTGAAGACGGTAAGCAATATGCCT	GATTGGGTTTAGTGAAGACGGTAAGCAATATGCCTG	GATTGGGTTTAGTGAAGACGGTAAGCAATATGCCTG
mitochondrial	.	3945	2	.	GGGGAGTACTTTCGCAAGATTGAAACCCAAAACATTAGACGG	.	GGGAGTACTTTCGCAAGATTGAAACCCAAAACATTAGACGGT
mitochondrial	.	3987	2	.	TCTTGGAAATCCGCAGTGAATCATGTTATTTAATTAGATAAT	.	CTTGGAAATCCGCAGTGAATCATGTTATTTAATTAGATAATC
mitochondrial	.	4030	2	.	CGCT	.	GCTA
mitochondrial	.	4038	2	.	ATCTTACCTTTCCTTAAAACAATTAG	.	TCTTACCTTTCCTTAAAACAATTAGT
mitochondrial	.	4064	2	.	TTTTAATTGTT	.	TTTAATTGTTG
mitochondrial	.	4075	2	.	GGGTATTGCATGGCTGTCTTTAG	.	GGTATTGCATGGCTGTCTTTAGT
mitochondrial	.	4098	2	.	TTAATGTCGTAAGATGA	.	TAATGTCGTAAGATGAG
mitochondrial	.	4115	2	.	GGTTAATTCCCATTAATTAACG	.	GTTAATTCCCATTAATTAACGA
mitochondrial	.	4137	2	.	AAAGCCTTCAAAGAATTTG	.	AAGCCTTCAAAGAATTTGT
mitochondrial	.	4160	2	.	TCTTTGTGTTAGTGATAAGCTAAC	.	CTTTGTGTTAGTGATAAGCTAACT
mitochondrial	.	4188	2	.	TAGAGGGTTAAGACAAGTCAATATGATCC	.	AGAGGGTTAAGACAAGTCAATATGATCCT
mitochondrial	.	4217	2	.	TTATGGAAAGGGC	.	TATGGAAAGGGCT
mitochondrial	.	4230	2	.	TATAGACGTGATATAAAATCTAAT	.	ATAGACGTGATATAAAATCTAATC
mitochondrial	.	4254	2	.	CCAATAA	.	CAATAAT
mitochondrial	.	4265	2	.	TAATATCG	.	AATATCGA
mitochondrial	.	4273	2	.	AAAGATTGAAGTATTATTATAATGGTTAGGAGA	.	AAGATTGAAGTATTATTATAATGGTTAGGAGAT
mitochondrial	.	4306	2	.	TTTATTCAG	.	TTATTCAGA
mitochondrial	.	4315	2	.	ATTTAAATCTGTAATTTGATTTAATG	.	TTTAAATCTGTAATTTGATTTAATGA
mitochondrial	.	4341	2	.	AAGGAGGAATTG	.	AGGAGGAATTGC
mitochondrial	.	4353	2	.	CGAGTAATCACTAATCATTACGTAGT	.	GAGTAATCACTAATCATTACGTAGTG
mitochondrial	.	4379	2	.	GGTGAAATTTATCTC	.	GTGAAATTTATCTCT
mitochondrial	.	4394	2	.	TGAGATGTACTAACTACTCGTC	.	GAGATGTACTAACTACTCGTCA
mitochondrial	.	4416	2	.	AAGCGCTGAAAGTATTAATC	.	AGCGCTGAAAGTATTAATCT
mitochondrial	.	4436	2	.	TCTTGAAGAAGACATTCA	.	CTTGAAGAAGACATTCAT
mitochondrial	.	4454	2	.	TTTGTTTTCCAAAGGTG	.	TTGTTTTCCAAAGGTGT
mitochondrial	.	4471	2	.	TTGTGCAATTAGTGTTAAGTCG	.	TGTGCAATTAGTGTTAAGTCGA
mitochondrial	.	4493	2	.	AAATAAGGTAACCGTAGT	.	AATAAGGTAACCGTAGTG
mitochondrial	.	4511	2	.	GGAAGTTGCGGTTGAATAATTAATTC	.	GAAGTTGCGGTTGAATAATTAATTC
mitochondrial	.	4773	2	.	TAAAATATTGAATCCTTTTA	.	TAAAATATTGAATCCTTTT
mitochondrial	.	4793	2	.	AAATAGTTTAATAAATTAGCT	.	AAAATAGTTTAATAAATTAGC
mitochondrial	.	4814	2	.	TTTGGATGAAAACTA	.	TTTTGGATGAAAACT
mitochondrial	.	4833	2	.	T	.	A
mitochondrial	.	4842	2	.	AACTTAAACTTATTTAGAAATTAATAAT	.	TAACTTAAACTTATTTAGAAATTAATAA
mitochondrial	.	4870	2	.	TTAGTCTTGAGT	.	TTTAGTCTTGAG
mitochondrial	.	4882	2	.	TTAATGAACTCTTGGTGGACTTATGTTA	.	TTTAATGAACTCTTGGTGGACTTATGTT
mitochondrial	.	4910	2	.	ATAGATGGATAT	.	AATAGATGGATA
mitochondrial	.	4922	2	.	TCTCAACTAATGCTAAGGATATTGC	.	TTCTCAACTAATGCTAAGGATATTG
mitochondrial	.	4947	2	.	CATACTATATTTAT	.	CCATACTATATTTA
mitochondrial	.	4961	2	.	TATTCGGATTGGTATCTGGGATAATTG	.	TTATTCGGATTGGTATCTGGGATAATT
mitochondrial	.	4988	2	.	GATCTGTATTCTCT	.	GGATCTGTATTCTC
mitochondrial	.	5002	2	.	TTTATAATTAGAATGGA	.	TTTTATAATTAGAATGG
mitochondrial	.	5019	2	.	ACTATCAGCTCCAGGATCTCA	.	AACTATCAGCTCCAGGATCTC
mitochondrial	.	5040	2	.	ATTCCTTTCTGGAAATG	.	AATTCCTTTCTGGAAAT
mitochondrial	.	5057	2	.	GTCAATTATACAATGTTGCA	.	GGTCAATTATACAATGTTGC
mitochondrial	.	5077	2	.	ATCTCAGCACATGGTATACT	.	AATCTCAGCACATGGTATAC
mitochondrial	.	5097	2	.	TATGAT	.	TTATGA
mitochondrial	.	5109	2	.	CTTCATTATTCCTGCT	.	TCTTCATTATTCCTGC
mitochondrial	.	5125	2	.	TTATTTGGTGCATTTGGTA	.	TTTATTTGGTGCATTTGGT
mitochondrial	.	5144	2	.	ATTATTTAGTACCTCT	.	AATTATTTAGTACCTC
mitochondrial	.	5160	2	.	TATGATAGGTGCTCCAGATGTTGCT	.	TTATGATAGGTGCTCCAGATGTTGC
mitochondrial	.	5185	2	.	TACCCTAGAGTA	.	TTACCCTAGAGT
mitochondrial	.	5197	2	.	AATAATTTCACATTCTGGTTACTACCTC	.	AAATAATTTCACATTCTGGTTACTACCT
mitochondrial	.	5225	2	.	CTGCTCTAATGCTA	.	CCTGCTCTAATGCT
mitochondrial	.	5239	2	.	TTATTAATTTCTGCATTA	.	ATTATTAATTTCTGCATT
mitochondrial	.	5257	2	.	ACAGAAGAAGGACCTGGTGGTG	.	AACAGAAGAAGGACCTGGTGGT
mitochondrial	.	5279	2	.	GTTGGACGGTTTTAAAGC	.	GGTTGGACGGTTTTAAAG
mitochondrial	.	5297	2	.	CGCAGACAAAATTGTCTGA	.	CCGCAGACAAAATTGTCTG
mitochondrial	.	5316	2	.	AAACTCTTCTCGATGCGA	.	AAAACTCTTCTCGATGCG
mitochondrial	.	5338	2	.	GTCCTCTACTCGGAAGTAATTACTCAGTTAATTTAT	.	AGTCCTCTACTCGGAAGTAATTACTCAGTTAATTTA
mitochondrial	.	5379	2	.	AACTAGTA	.	TAACTAGT
mitochondrial	.	5391	2	.	GATTACTAACTTGGGGAAAATTCGCCTGGTTA	.	AGATTACTAACTTGGGGAAAATTCGCCTGGTT
mitochondrial	.	5423	2	.	AATCCATCAGAGACTCGTTTCTATCACAATTAGAAAATAT	.	AAATCCATCAGAGACTCGTTTCTATCACAATTAGAAAATA
mitochondrial	.	5464	2	.	TTATGTTTCT	.	TTTATGTTTC
mitochondrial	.	5478	2	.	GGTTTATAGAACAACATACTCT	.	TGGTTTATAGAACAACATACTC
mitochondrial	.	5500	2	.	TTCGGAGTGTGTTTAATGA	.	TTTCGGAGTGTGTTTAATG
mitochondrial	.	5519	2	.	AGAGGTTCTTATTTAATAAAT	.	AAGAGGTTCTTATTTAATAAA
mitochondrial	.	5545	2	.	AATAGACATCCTTTTACAAGGGTA	.	TAATAGACATCCTTTTACAAGGGT
mitochondrial	.	5573	2	.	GCTGT	.	AGCTG
mitochondrial	.	5582	2	.	CATCATCTTCACCATCAAAATTCTCT	.	TCATCATCTTCACCATCAAAATTCTC
mitochondrial	.	5608	2	.	TTTACTCAATGGTTA	.	TTTTACTCAATGGTT
mitochondrial	.	5623	2	.	GTAGGATTTACTGATGGTGATGGTTGTTTTAGTATTTCA	.	AGTAGGATTTACTGATGGTGATGGTTGTTTTAGTATTTC
mitochondrial	.	5663	2	.	AACA	.	AAAC
mitochondrial	.	5672	2	.	TA	.	AT
mitochondrial	.	5679	2	.	TGGCA	.	ATGGC
mitochondrial	.	5688	2	.	TAAATGGTCTCTTACTTTTAAATTAACACAAAATCT	.	ATAAATGGTCTCTTACTTTTAAATTAACACAAAATC
mitochondrial	.	5724	2	.	TTATA	.	TTTAT
mitochondrial	.	5729	2	.	ATTATAGAATTTTATATTTTATTAAGAGA	.	AATTATAGAATTTTATATTTTATTAAGAG
mitochondrial	.	5758	2	.	AATTTAGGTATTG	.	AAATTTAGGTATT
mitochondrial	.	5771	2	.	GTTCACTTTATAAAGAATCTTCAACTA	.	GGTTCACTTTATAAAGAATCTTCAACT
mitochondrial	.	5798	2	.	ATACAGTAATATA	.	AATACAGTAATAT
mitochondrial	.	5811	2	.	TAGATTAAGAAGAAGAGAGCATCTTA	.	ATAGATTAAGAAGAAGAGAGCATCTT
mitochondrial	.	5841	2	.	GATTATAGATAT	.	AGATTATAGATA
mitochondrial	.	5857	2	.	GATCAATTCCCTCTTTTAACTA	.	TGATCAATTCCCTCTTTTAACT
mitochondrial	.	5884	2	.	TATTGGGATTATTATTTGTTTA	.	ATATTGGGATTATTATTTGTTT
mitochondrial	.	5911	2	.	GCATTCTTAATTTTAGAGGACGCTAATCTAAATTCT	.	AGCATTCTTAATTTTAGAGGACGCTAATCTAAATTC
mitochondrial	.	5947	2	.	TTTGA	.	TTTTG
mitochondrial	.	5958	2	.	TAGTAAACTAGAAGAGATCAGAATAGAGA	.	ATAGTAAACTAGAAGAGATCAGAATAGAG
mitochondrial	.	5991	2	.	GTCTTTAAAACAATATTCTCCAGTTAATTTAGA	.	AGTCTTTAAAACAATATTCTCCAGTTAATTTAG
mitochondrial	.	6028	2	.	TATTTAACAAAGTCTTGGTTAATTGGAT	.	ATATTTAACAAAGTCTTGGTTAATTGGA
mitochondrial	.	6056	2	.	TTATTGAAGCAGA	.	TTTATTGAAGCAG
mitochondrial	.	6069	2	.	AGGGAGCTTTTATTTACTACA	.	AAGGGAGCTTTTATTTACTAC
mitochondrial	.	6095	2	.	GCCCTGTAAGAATAATTCATGGGTTTGAGATTACTCA	.	AGCCCTGTAAGAATAATTCATGGGTTTGAGATTACTC
mitochondrial	.	6132	2	.	AAATTATGAACAACCCCTACTTGCTCAGATTTCAGAGTTCCT	.	AAAATTATGAACAACCCCTACTTGCTCAGATTTCAGAGTTCC
mitochondrial	.	6174	2	.	ATTTAATTCTCAAATCTCACCA	.	TATTTAATTCTCAAATCTCACC
mitochondrial	.	6200	2	.	TAAAATCA	.	ATAAAATC
mitochondrial	.	6216	2	.	TTCCTTAATTACAAATTATTCCTTATCAACTAGTTCA	.	ATTCCTTAATTACAAATTATTCCTTATCAACTAGTTC
mitochondrial	.	6253	2	.	AAAGAAAGAATGTTATTTCTTTCATCTTATTTTGAAAATTGT	.	AAAAGAAAGAATGTTATTTCTTTCATCTTATTTTGAAAATTG
mitochondrial	.	6296	2	.	TTAAAGGAGTAAAATCATTAGAATTTAAAAT	.	TTTAAAGGAGTAAAATCATTAGAATTTAAAA
mitochondrial	.	6327	2	.	TTGGTCTAGA	.	TTTGGTCTAG
mitochondrial	.	6337	2	.	TCTTTACGTA	.	ATCTTTACGT
mitochondrial	.	6351	2	.	TTATAATTTTGAACAGCTTTTAAGAGCTAGAGATTTA	.	ATTATAATTTTGAACAGCTTTTAAGAGCTAGAGATTT
mitochondrial	.	6388	2	.	ATTAGAAAATTA	.	AATTAGAAAATT
mitochondrial	.	6405	2	.	TAAATATTCCCGAGGATCACAACATCCAAAGGATAAATA	.	ATAAATATTCCCGAGGATCACAACATCCAAAGGATAAAT
mitochondrial	.	6445	2	.	AATAAGTTCAAGGTATAGTCCGATCAAGATTGAGA	.	AAATAAGTTCAAGGTATAGTCCGATCAAGATTGAG
mitochondrial	.	6480	2	.	AATCTTGTTAACTAAAATGATATCCACCACTATCAAGTATCA	.	AAATCTTGTTAACTAAAATGATATCCACCACTATCAAGTATC
mitochondrial	.	6522	2	.	CTTCTCATAGTGGTCCAGCTATTGATCTAGCTATTTTAAGT	.	ACTTCTCATAGTGGTCCAGCTATTGATCTAGCTATTTTAAG
mitochondrial	.	6564	2	.	TACAATTAACTGGTATTTCATCA	.	TTACAATTAACTGGTATTTCATC
mitochondrial	.	6587	2	.	ACATTAGGATCAGTAAAT	.	AACATTAGGATCAGTAAA
mitochondrial	.	6605	2	.	TTAATAGCGACAATGATTA	.	TTTAATAGCGACAATGATT
mitochondrial	.	6624	2	.	ATATGAGAGCTCCAGGATTA	.	AATATGAGAGCTCCAGGATT
mitochondrial	.	6644	2	.	AGTTTATATCAAATGCCAT	.	AAGTTTATATCAAATGCCA
mitochondrial	.	6663	2	.	TATTTGCATGGGCTATA	.	TTATTTGCATGGGCTAT
mitochondrial	.	6680	2	.	ATGATTACATCAATTCTATTA	.	AATGATTACATCAATTCTATT
mitochondrial	.	6701	2	.	CTGCTTACTTTACCAGT	.	ACTGCTTACTTTACCAG
mitochondrial	.	6718	2	.	TTTAGCAGGTGGATTAT	.	TTTTAGCAGGTGGATTA
mitochondrial	.	6735	2	.	TTATGTTATTCTCAGATAGAAAT	.	TTTATGTTATTCTCAGATAGAAA
mitochondrial	.	6758	2	.	TTAAATACTTCAT	.	TTTAAATACTTCA
mitochondrial	.	6771	2	.	TCTATGCTCCTGAAGGTGGTGGTGAC	.	TTCTATGCTCCTGAAGGTGGTGGTGA
mitochondrial	.	6797	2	.	CCTGTACTTTACCA	.	CCCTGTACTTTACC
mitochondrial	.	6811	2	.	ACATTTATTCTGGTTCT	.	AACATTTATTCTGGTTC
mitochondrial	.	6828	2	.	TTGGTCATCCAGAGGTCAATTTA	.	TTTGGTCATCCAGAGGTCAATTT
mitochondrial	.	6851	2	.	ATAGGCCTCTTAACGT	.	AATAGGCCTCTTAACG
mitochondrial	.	6867	2	.	TGCTATATGCTGGAACTACTTGA	.	TTGCTATATGCTGGAACTACTTG
mitochondrial	.	6894	2	.	TACTAGATAAGTGT	.	ATACTAGATAAGTG
mitochondrial	.	6912	2	.	GTTTTAAATACTCCAAGA	.	TGTTTTAAATACTCCAAG
mitochondrial	.	6934	2	.	CACCAGATTAGTGTTTAT	.	ACACCAGATTAGTGTTTA
mitochondrial	.	6956	2	.	ATAGTA	.	TATAGT
mitochondrial	.	6966	2	.	TGTTAAAACAATTAAGTATATCAGCAGGTAACCT	.	ATGTTAAAACAATTAAGTATATCAGCAGGTAACC
mitochondrial	.	7000	2	.	TTTGAATA	.	TTTTGAAT
mitochondrial	.	7008	2	.	AGGGAACCTCAGAGACTTTACGCAACGA	.	AAGGGAACCTCAGAGACTTTACGCAACG
mitochondrial	.	7036	2	.	AATCACAACA	.	AAATCACAAC
mitochondrial	.	7052	2	.	GTTTCTATTCATCTCCCTAAACACTTA	.	AGTTTCTATTCATCTCCCTAAACACTT
mitochondrial	.	7079	2	.	AAACCAGCTA	.	AAAACCAGCT
mitochondrial	.	7089	2	.	ATGATTCTCAATTTGGTCACTAT	.	AATGATTCTCAATTTGGTCACTA
mitochondrial	.	7112	2	.	TTAGCAGGTTTAATTGATG	.	TTTAGCAGGTTTAATTGAT
mitochondrial	.	7131	2	.	GTGATGGTCATTTTAGTAGTA	.	GGTGATGGTCATTTTAGTAGT
mitochondrial	.	7152	2	.	AACAACAATTAATTATTGCT	.	AAACAACAATTAATTATTGC
mitochondrial	.	7172	2	.	TTTCACTCTTTAGATATA	.	TTTTCACTCTTTAGATAT
mitochondrial	.	7190	2	.	CAATTAGCTTATTATATTA	.	ACAATTAGCTTATTATATT
mitochondrial	.	7214	2	.	CAAATAGGTTATGGTATTGTACGTAAAATTAAAGATA	.	ACAAATAGGTTATGGTATTGTACGTAAAATTAAAGAT
mitochondrial	.	7255	2	.	TGCTATTCT	.	ATGCTATTC
mitochondrial	.	7268	2	.	ATAATAGCTAACTCTAAAGGAATTGA	.	TATAATAGCTAACTCTAAAGGAATTG
mitochondrial	.	7294	2	.	AAGAGTAATAACT	.	AAAGAGTAATAAC
mitochondrial	.	7307	2	.	TTAATTAATAATAAATTTAGA	.	TTTAATTAATAATAAATTTAG
mitochondrial	.	7328	2	.	ACTACTAGTAAATATA	.	AACTACTAGTAAATAT
mitochondrial	.	7344	2	.	ATCAGATTATTAATAATATAT	.	AATCAGATTATTAATAATATA
mitochondrial	.	7365	2	.	TTGCTCATCCTAGATTTA	.	TTTGCTCATCCTAGATTT
mitochondrial	.	7383	2	.	AAGAATTTAGTA	.	AAAGAATTTAGT
mitochondrial	.	7395	2	.	AAACTATTACTTTAGGTTTAAATTCA	.	AAAACTATTACTTTAGGTTTAAATTC
mitochondrial	.	7421	2	.	AATAATAATTTAAATA	.	AAATAATAATTTAAAT
mitochondrial	.	7437	2	.	ATCATTGGCTAGCTG	.	AATCATTGGCTAGCT
mitochondrial	.	7452	2	.	GATTCTCAGATGCTGATGCTAGT	.	GGATTCTCAGATGCTGATGCTAG
mitochondrial	.	7475	2	.	TTTCAGATTAAAATTTTA	.	TTTTCAGATTAAAATTTT
mitochondrial	.	7493	2	.	AATAGGGACA	.	AAATAGGGAC
mitochondrial	.	7509	2	.	TAGAAGTTCGATTGAACTATCAAATAGATCA	.	ATAGAAGTTCGATTGAACTATCAAATAGATC
mitochondrial	.	7547	2	.	GAGTATCTTTTGAGTTTAATTAAAGATAAT	.	AGAGTATCTTTTGAGTTTAATTAAAGATAA
mitochondrial	.	7577	2	.	TTAGGTGGTA	.	TTTAGGTGGT
mitochondrial	.	7587	2	.	ATATAGGCTATCGA	.	AATATAGGCTATCG
mitochondrial	.	7605	2	.	GTCAAGATACTTATTATTATGGTTCTACTAGT	.	AGTCAAGATACTTATTATTATGGTTCTACTAG
mitochondrial	.	7637	2	.	TTTGGTTCAG	.	TTTTGGTTCA
mitochondrial	.	7647	2	.	CTA	.	GCT
mitochondrial	.	7655	2	.	GTTATTAATTATTTTGATAATTATCATTTGCTATCTTCTA	.	AGTTATTAATTATTTTGATAATTATCATTTGCTATCTTCT
mitochondrial	.	7697	2	.	TATATTAGCTATTTAAAATGAAGA	.	ATATATTAGCTATTTAAAATGAAG
mitochondrial	.	7721	2	.	AAAGCTTATCTTATTAT	.	AAAAGCTTATCTTATTA
mitochondrial	.	7738	2	.	TCAAGAAAATAAACATTTAACAGA	.	TTCAAGAAAATAAACATTTAACAG
mitochondrial	.	7762	2	.	ATCAGGACTTTCTCA	.	AATCAGGACTTTCTC
mitochondrial	.	7777	2	.	AATA	.	AAAT
mitochondrial	.	7787	2	.	CCTCATC	.	ACCTCAT
mitochondrial	.	7794	2	.	CCTATCGGAAGAATATTAATTAGAT	.	CCCTATCGGAAGAATATTAATTAGA
mitochondrial	.	7819	2	.	TTGTTGAGATTTA	.	TTTGTTGAGATTT
mitochondrial	.	7832	2	.	AAATAAAGTCCTAACAAGGGTATA	.	AAAATAAAGTCCTAACAAGGGTAT
mitochondrial	.	7856	2	.	AAGCTTTTGAGTGTTA	.	AAAGCTTTTGAGTGTT
mitochondrial	.	7876	2	.	GAATAAATCACCTTTTGGGTGAT	.	AGAATAAATCACCTTTTGGGTGA
mitochondrial	.	7906	2	.	CATTAACCAAAATTTATTGTTATAT	.	TCATTAACCAAAATTTATTGTTATA
mitochondrial	.	7931	2	.	TTTAATTATGCCAGCT	.	TTTTAATTATGCCAGC
mitochondrial	.	7947	2	.	TTCGGTGTTGTTAGTCA	.	TTTCGGTGTTGTTAGTC
mitochondrial	.	7964	2	.	CATTATTCCTAGTTTAGCTCATA	.	ACATTATTCCTAGTTTAGCTCAT
mitochondrial	.	7987	2	.	AACCTATTTTCGGTA	.	AAACCTATTTTCGGT
mitochondrial	.	8002	2	.	AAGAAGGTATGCTTTGGGCTATGTTA	.	AAAGAAGGTATGCTTTGGGCTATGTT
mitochondrial	.	8028	2	.	AGTATTGCTTTATTA	.	AAGTATTGCTTTATT
mitochondrial	.	8043	2	.	GGATTAATGGTATG	.	AGGATTAATGGTAT
mitochondrial	.	8057	2	.	GTCTCATCACTTATTCACAGTTGGT	.	GGTCTCATCACTTATTCACAGTTGG
mitochondrial	.	8082	2	.	TTAGATGTTGATA	.	TTTAGATGTTGAT
mitochondrial	.	8095	2	.	CTAGAGCTTATTTCAGTGCTGCA	.	ACTAGAGCTTATTTCAGTGCTGC
mitochondrial	.	8118	2	.	ACTATGGTTATTGCAATTC	.	AACTATGGTTATTGCAATT
mitochondrial	.	8137	2	.	CAACAGGTATTAAAATCT	.	CCAACAGGTATTAAAATC
mitochondrial	.	8155	2	.	TCAGTTGGTTAGCTACTTTA	.	TTCAGTTGGTTAGCTACTTT
mitochondrial	.	8175	2	.	ACAGGTGGTGCAATACAATG	.	AACAGGTGGTGCAATACAAT
mitochondrial	.	8195	2	.	GTCAAGAGTACCTATGTTATA	.	GGTCAAGAGTACCTATGTTAT
mitochondrial	.	8216	2	.	TGCTATTGGTTTCTTAATCT	.	ATGCTATTGGTTTCTTAATC
mitochondrial	.	8236	2	.	TATTCACAATTGGTGGATTA	.	TTATTCACAATTGGTGGATT
mitochondrial	.	8256	2	.	ACAGGTGTTATATTAAGTA	.	AACAGGTGTTATATTAAGT
mitochondrial	.	8275	2	.	ATTCAGTATTAGATATCGCT	.	AATTCAGTATTAGATATCGC
mitochondrial	.	8295	2	.	TTCCATGATACTTATTTCGT	.	TTTCCATGATACTTATTTCG
mitochondrial	.	8315	2	.	TGTAGCTCACTTCCA	.	TTGTAGCTCACTTCC
mitochondrial	.	8330	2	.	TTACGTTCTGTCAATG	.	ATTACGTTCTGTCAAT
mitochondrial	.	8346	2	.	GGTGCATTATTTGGTCTTTGTG	.	GGGTGCATTATTTGGTCTTTGT
mitochondrial	.	8368	2	.	GTGCATACTACTATTG	.	GGTGCATACTACTATTGGA
mitochondrial	.	8384	2	.	GAGTCCAAAAATGTTTGGA	.	GTCCAAAAATGTTTGGATT
mitochondrial	.	8403	2	.	TTAATGTACAATGAAACTCTAG	.	AATGTACAATGAAACTCTAGCT
mitochondrial	.	8425	2	.	CTTCAATCCAATTCTGGA	.	TCAATCCAATTCTGGATT
mitochondrial	.	8443	2	.	TTTTATTCATAGGTGTTAATAT	.	TTATTCATAGGTGTTAATATTG
mitochondrial	.	8465	2	.	TGTATTCGGTCCTCAACA	.	TATTCGGTCCTCAACATT
mitochondrial	.	8483	2	.	TTTCTTAGGATTAAATGG	.	TCTTAGGATTAAATGGTA
mitochondrial	.	8501	2	.	TATGCCTAGAAGAATACCAGAT	.	TGCCTAGAAGAATACCAGATTA
mitochondrial	.	8523	2	.	TATCCAGATGCATTTGT	.	TCCAGATGCATTTGTGG
mitochondrial	.	8540	2	.	GGGATGGAATTTTGTATCAAG	.	GATGGAATTTTGTATCAAGTA
mitochondrial	.	8561	2	.	TATTGGTTCAGTAATTTCTA	.	TTGGTTCAGTAATTTCTATT
mitochondrial	.	8581	2	.	TTCTTTCATTATTCCTATT	.	CTTTCATTATTCCTATTTA
mitochondrial	.	8600	2	.	TATGTATGTTATGTATGATCAA	.	TGTATGTTATGTATGATCAATT
mitochondrial	.	8622	2	.	TTTACATCAAATAGAGTGG	.	TACATCAAATAGAGTGGTT
mitochondrial	.	8641	2	.	TTAAAACAAATCCTTA	.	AAAACAAATCCTTATT
mitochondrial	.	8657	2	.	TTTAATCCCTAGCTATTTTGATG	.	TAATCCCTAGCTATTTTGATGAT
mitochondrial	.	8680	2	.	ATAATGTAATCTTCGT	.	AATGTAATCTTCGTAA
mitochondrial	.	8696	2	.	AAATGAAAAATTAGGGGTAG	.	ATGAAAAATTAGGGGTAGCT
mitochondrial	.	8716	2	.	CTCAATCAATAGAATGGTTA	.	CAATCAATAGAATGGTTACT
mitochondrial	.	8736	2	.	CTACATTCACCAGTACACGA	.	ACATTCACCAGTACACGAAC
mitochondrial	.	8756	2	.	ACACGCATTTAATACATTAC	.	ACGCATTTAATACATTACCT
mitochondrial	.	8776	2	.	CTACAAAAAGTATTTAATTTAAAATCTTAA	.	ACAAAAAGTATTTAATTTAAAATCTTAACC
mitochondrial	.	8810	2	.	CCTTTTATTT	.	TTTTATTTTA
mitochondrial	.	8820	2	.	TATAAACTTTATTCCAATTT	.	TAAACTTTATTCCAATTTAA
mitochondrial	.	8840	2	.	AAAAATTGGAGAGGGAGATT	.	AAATTGGAGAGGGAGATTGA
mitochondrial	.	8860	2	.	GAAGGATAATTTAGCTATCC	.	AGGATAATTTAGCTATCCTA
mitochondrial	.	8880	2	.	TATTCAAAATTGTATCTT	.	TTCAAAATTGTATCTTTA
mitochondrial	.	8898	2	.	TATAA	.	TAATT
mitochondrial	.	8908	2	.	TTATTCCTTATATGT	.	ATTCCTTATATGTGA
mitochondrial	.	8927	2	.	GAACACTATTGAGATAAACTAATTTAGCTTAAACATGAA	.	ACACTATTGAGATAAACTAATTTAGCTTAAACATGAATC
mitochondrial	.	8966	2	.	TCTTTCTACTAAATTTCAAGGACATCCTTATCATATTGTAA	.	TTTCTACTAAATTTCAAGGACATCCTTATCATATTGTAAGT
mitochondrial	.	9008	2	.	TGCGTCACCTTGGCCATTTTTCTTATCTGTAGTATTATTCTT	.	CGTCACCTTGGCCATTTTTCTTATCTGTAGTATTATTCTTTA
mitochondrial	.	9050	2	.	TAACTGTTTAGCAGCTACATTATATTTACATGGATACAAACA	.	ACTGTTTAGCAGCTACATTATATTTACATGGATACAAACATT
mitochondrial	.	9092	2	.	TTCATCAGTATTCTTTGGAATCAGTTTCTTAGGTTTATTAGC	.	CATCAGTATTCTTTGGAATCAGTTTCTTAGGTTTATTAGCAA
mitochondrial	.	9134	2	.	AACTATGTATTTATGGTTTAGAGATATGTCAACTGAAGCTA	.	CTATGTATTTATGGTTTAGAGATATGTCAACTGAAGCTAAT
mitochondrial	.	9176	2	.	TATTCATGGTGCACATACAAAAGCAGTAAC	.	TTCATGGTGCACATACAAAAGCAGTAACAA
mitochondrial	.	9206	2	.	AAAAGGATT	.	AAGGATTAA
mitochondrial	.	9215	2	.	AAAAATAGGATTTATGTTATTCCTAATT	.	AAATAGGATTTATGTTATTCCTAATTTC
mitochondrial	.	9243	2	.	TCTGAAACTTTCT	.	TGAAACTTTCTTA
mitochondrial	.	9256	2	.	TATTTGCTTCTATTT	.	TTTGCTTCTATTTTC
mitochondrial	.	9271	2	.	TCTGGGCTTTCTTCC	.	TGGGCTTTCTTCCAT
mitochondrial	.	9286	2	.	ATAGTTCATTATCACCTAC	.	AGTTCATTATCACCTACTT
mitochondrial	.	9305	2	.	TTTTGAATTAGGTGCAG	.	TTGAATTAGGTGCAGTA
mitochondrial	.	9322	2	.	TATGGCCACCAGTAGGAATAGCAG	.	TGGCCACCAGTAGGAATAGCAGAT
mitochondrial	.	9346	2	.	ATAAAACAATAGATCCA	.	AAAACAATAGATCCATT
mitochondrial	.	9363	2	.	TTAGAAGTCCCTCTATTAA	.	AGAAGTCCCTCTATTAAAT
mitochondrial	.	9382	2	.	ATACAGTAATTTTATTAACT	.	ACAGTAATTTTATTAACTTC
mitochondrial	.	9402	2	.	TCTGGTGCTAGTTTAACT	.	TGGTGCTAGTTTAACTTA
mitochondrial	.	9420	2	.	TATGCTCA	.	TGCTCATT
mitochondrial	.	9428	2	.	TTATTCATTAATTGCTAGAAAT	.	ATTCATTAATTGCTAGAAATAG
mitochondrial	.	9450	2	.	AGAGAAAATGCTTTAAAAGGTT	.	AGAAAATGCTTTAAAAGGTTTA
mitochondrial	.	9477	2	.	A	.	G
mitochondrial	.	9478	2	.	T	.	A
mitochondrial	.	9479	2	.	G	.	C
mitochondrial	.	9480	2	.	A	.	T
mitochondrial	.	9481	2	.	C	.	A
mitochondrial	.	9483	2	.	ATCGC	.	CGCTT
mitochondrial	.	9488	2	.	TT	.	TA
mitochondrial	.	9491	2	.	A	.	C
mitochondrial	.	9492	2	.	T	.	A
mitochondrial	.	9493	2	.	C	.	T
mitochondrial	.	9494	2	.	ATTCTTAT	.	TCTTATTC
mitochondrial	.	9502	2	.	TC	.	TT
mitochondrial	.	9504	2	.	T	.	A
mitochondrial	.	9505	2	.	T	.	G
mitochondrial	.	9506	2	.	A	.	G
mitochondrial	.	9507	2	.	G	.	A
mitochondrial	.	9509	2	.	AGGTCAAGCTTATGAATACTGGAATGCTCCATTCACTA	.	GTCAAGCTTATGAATACTGGAATGCTCCATTCACTATT
mitochondrial	.	9547	2	.	TTTC	.	TCAG
mitochondrial	.	9551	2	.	AGATTCTGTTTATGGTGCTAGTTTCTA	.	ATTCTGTTTATGGTGCTAGTTTCTATT
mitochondrial	.	9578	2	.	TTTTGCTACTGGTC	.	TTGCTACTGGTCTT
mitochondrial	.	9592	2	.	TTCATGGTATTCATATTATTGTTG	.	CATGGTATTCATATTATTGTTGGT
mitochondrial	.	9616	2	.	GTACAATTCTACTTCTTG	.	ACAATTCTACTTCTTGTT
mitochondrial	.	9634	2	.	TTGCTACTTATAATATTTATAC	.	GCTACTTATAATATTTATACTT
mitochondrial	.	9656	2	.	TTACCACTTAACTAATA	.	ACCACTTAACTAATACT
mitochondrial	.	9673	2	.	CTCATCATAATGGATTTGAA	.	CATCATAATGGATTTGAATG
mitochondrial	.	9693	2	.	TGTGGTATTTATTATTGGCA	.	TGGTATTTATTATTGGCATT
mitochondrial	.	9713	2	.	TTTCTGTGATGTTG	.	TCTGTGATGTTGTT
mitochondrial	.	9727	2	.	TTTGGTTATTCCTTTATTTAACTATT	.	TGGTTATTCCTTTATTTAACTATTTA
mitochondrial	.	9753	2	.	TATATTTGGGGTAG	.	TATTTGGGGTAGCT
mitochondrial	.	9767	2	.	CTAAGGCTTACTTCAATTTTT	.	AAGGCTTACTTCAATTTTTCC
mitochondrial	.	9792	2	.	CCTTTTTATATCTTATT	.	TTTTTATATCTTATTTC
mitochondrial	.	9809	2	.	TCTCTAAAATAGTCTG	.	TCTAAAATAGTCTGTA
mitochondrial	.	9825	2	.	TATAGCTCAATGGTAGAGCA	.	TAGCTCAATGGTAGAGCATC
mitochondrial	.	9845	2	.	TCTCACTTCTAATGAGTCGA	.	TCACTTCTAATGAGTCGATC
mitochondrial	.	9865	2	.	TCTAAGTTCGATTCTTA	.	TAAGTTCGATTCTTAGT
mitochondrial	.	9882	2	.	GTACAGATTCCACACCTAGAAG	.	ACAGATTCCACACCTAGAAGGT
mitochondrial	.	9908	2	.	GTA	.	ATT
mitochondrial	.	9919	2	.	TTAGCTAATTTAACTCAATTGGT	.	AGCTAATTTAACTCAATTGGTAG
mitochondrial	.	9942	2	.	AGAGTGCGTACCTTGTAA	.	AGTGCGTACCTTGTAAGT
mitochondrial	.	9960	2	.	GTACGAAGTTAGAGGTTCAATTC	.	ACGAAGTTAGAGGTTCAATTCCT
mitochondrial	.	9983	2	.	CTCTAATTAGCAATCCC	.	CTAATTAGCAATCCCTT
mitochondrial	.	10000	2	.	TTTCCCATATTTTTGG	.	TCCCATATTTTTGGTA
mitochondrial	.	10016	2	.	TATAAGAGGATCTCAGATAGTA	.	TAAGAGGATCTCAGATAGTATC
mitochondrial	.	10038	2	.	TCTAACCTATCTTATCTTT	.	TAACCTATCTTATCTTTTA
mitochondrial	.	10057	2	.	TATTATCCAATATCCTTTTA	.	TTATCCAATATCCTTTTAAT
mitochondrial	.	10077	2	.	ATAAGATTTGGATC	.	AAGATTTGGATCTT
mitochondrial	.	10095	2	.	TTCCCAATTCCTTCAAA	.	CCCAATTCCTTCAAATT
mitochondrial	.	10112	2	.	TTTTTGACTATTTATCG	.	TTTGACTATTTATCGAT
mitochondrial	.	10129	2	.	ATAATGATTGTTCAATTTAGAA	.	AATGATTGTTCAATTTAGAAGG
mitochondrial	.	10151	2	.	GGGATAATTTCAAATTTAA	.	GATAATTTCAAATTTAATT
mitochondrial	.	10170	2	.	TTTTTATGAAAATTTTAAAA	.	TTTATGAAAATTTTAAAATC
mitochondrial	.	10190	2	.	TCTAATCC	.	TAATCCTT
mitochondrial	.	10202	2	.	TTAGCTTTGGCTAATAAT	.	AGCTTTGGCTAATAATTA
mitochondrial	.	10220	2	.	TATATGATTGATG	.	TATGATTGATGCT
mitochondrial	.	10233	2	.	CTCCTGAACCTTCAA	.	CCTGAACCTTCAAAT
mitochondrial	.	10248	2	.	ATATTTCATACTTCTGGAA	.	ATTTCATACTTCTGGAATT
mitochondrial	.	10267	2	.	TTTTGGTTCTCTTTTAGCT	.	TTGGTTCTCTTTTAGCTTG
mitochondrial	.	10286	2	.	TGTGTATTAGTTATTCAAAT	.	TGTATTAGTTATTCAAATTG
mitochondrial	.	10306	2	.	TGTAACTGGTATAC	.	TAACTGGTATACTT
mitochondrial	.	10320	2	.	TTTTAGCTTGTTTTTATATTCCTA	.	TTAGCTTGTTTTTATATTCCTAAT
mitochondrial	.	10344	2	.	ATATGGATTTAGCTTTC	.	ATGGATTTAGCTTTCCT
mitochondrial	.	10361	2	.	CTTTCAGTTGAAAGAATTGTT	.	TTCAGTTGAAAGAATTGTTAG
mitochondrial	.	10382	2	.	AGAGATGTAAATTATGGTT	.	AGATGTAAATTATGGTTTC
mitochondrial	.	10401	2	.	TCTTATTAAGAGC	.	TTATTAAGAGCTT
mitochondrial	.	10414	2	.	TTTCCATGCAAATGGTGCTAGTT	.	TCCATGCAAATGGTGCTAGTTTC
mitochondrial	.	10437	2	.	TCTTCTTTATCTTCT	.	TTCTTTATCTTCTTA
mitochondrial	.	10452	2	.	TATACTTACACATAGGTAGAGGTT	.	TACTTACACATAGGTAGAGGTTTA
mitochondrial	.	10476	2	.	TATATTATGGTTCT	.	TATTATGGTTCTTA
mitochondrial	.	10490	2	.	TATAAATATCCAAGAACAA	.	TAAATATCCAAGAACAATG
mitochondrial	.	10509	2	.	TGACATGGAATATTGGTGTTA	.	ACATGGAATATTGGTGTTATT
mitochondrial	.	10530	2	.	TTATCTTCTTATTAACTAT	.	ATCTTCTTATTAACTATTA
mitochondrial	.	10549	2	.	TATTACTGCCTTTTTAGG	.	TTACTGCCTTTTTAGGTT
mitochondrial	.	10567	2	.	TTACTG	.	ACTGTT
mitochondrial	.	10573	2	.	TTTACCAGCTAATCAAATGTCATTCT	.	TACCAGCTAATCAAATGTCATTCTGG
mitochondrial	.	10599	2	.	GGGGTGCAACTGTTA	.	GGTGCAACTGTTATT
mitochondrial	.	10614	2	.	TTACTAATTTATTATCAGCTGTTCC	.	ACTAATTTATTATCAGCTGTTCCTT
mitochondrial	.	10639	2	.	TTTCATTGGTGATGA	.	TCATTGGTGATGATT
mitochondrial	.	10654	2	.	TTTAGTTCATCTATTATGGGGTGGA	.	TAGTTCATCTATTATGGGGTGGATT
mitochondrial	.	10679	2	.	TTTAGTGTATCTAATC	.	TAGTGTATCTAATCCT
mitochondrial	.	10695	2	.	CTACTTTAAATAGATTCT	.	ACTTTAAATAGATTCTTC
mitochondrial	.	10713	2	.	TCTCACTTCACTATTTAATGCC	.	TCACTTCACTATTTAATGCCTT
mitochondrial	.	10735	2	.	TTTTGTTATTGCTGCTT	.	TTGTTATTGCTGCTTTA
mitochondrial	.	10752	2	.	TATCAGTAATGCATTTAATTG	.	TCAGTAATGCATTTAATTGCT
mitochondrial	.	10773	2	.	CTCTAC	.	CTACAT
mitochondrial	.	10779	2	.	ATACTAATGGTTCATCAAATCCATTAG	.	ACTAATGGTTCATCAAATCCATTAGGT
mitochondrial	.	10806	2	.	GTGTAACAGCTAATA	.	GTAACAGCTAATATG
mitochondrial	.	10821	2	.	TGGACAGAATCCCAATGAACCCG	.	GACAGAATCCCAATGAACCCGTA
mitochondrial	.	10844	2	.	TATTATCTGATAAAATT	.	TTATCTGATAAAATTGC
mitochondrial	.	10861	2	.	GCGCCGTTGTGG	.	GCCGTTGTGGTA
mitochondrial	.	10878	2	.	ATGTGTACCCTCATAGAGAAAGGGATATCT	.	GTGTACCCTCATAGAGAAAGGGATATCTTG
mitochondrial	.	10913	2	.	GTAAAGATATGAACAAT	.	AAAGATATGAACAATAC
mitochondrial	.	10930	2	.	ACACTTAGGTAGCTGGGGAAA	.	ACTTAGGTAGCTGGGGAAACC
mitochondrial	.	10951	2	.	CCCAATGCCGAACAGAGCA	.	CAATGCCGAACAGAGCATG
mitochondrial	.	10970	2	.	TGTGTACAGAAGGTCCTTCC	.	TGTACAGAAGGTCCTTCCTG
mitochondrial	.	10990	2	.	TGTAACGAAACAG	.	TAACGAAACAGAT
mitochondrial	.	11003	2	.	ATAAGTTCAGATGGATCAGTTCAA	.	AAGTTCAGATGGATCAGTTCAAAT
mitochondrial	.	11027	2	.	ATAGATACGGTTAGAGC	.	AGATACGGTTAGAGCTG
mitochondrial	.	11044	2	.	TGTATTGCCCGAATTCCAATT	.	TATTGCCCGAATTCCAATTCC
mitochondrial	.	11065	2	.	CCCATCTCACCCTCAG	.	CATCTCACCCTCAGAT
mitochondrial	.	11081	2	.	ATAGGTGATTGTCTTAGCTGAAT	.	AGGTGATTGTCTTAGCTGAATAG
mitochondrial	.	11104	2	.	AGAGACATTCTTCTCTAG	.	AGACATTCTTCTCTAGAT
mitochondrial	.	11122	2	.	ATCTTTGGTTGGCTTTTA	.	CTTTGGTTGGCTTTTATG
mitochondrial	.	11140	2	.	TGACCAAGGAT	.	ACCAAGGATAC
mitochondrial	.	11155	2	.	ACCAGGAGA	.	CAGGAGAAG
mitochondrial	.	11168	2	.	AGTTGTACCAATAGTACAATTAAGGGAATGAGTGG	.	TTGTACCAATAGTACAATTAAGGGAATGAGTGGAA
mitochondrial	.	11203	2	.	AAAACCTACGTCTATCAACTCAAAC	.	AACCTACGTCTATCAACTCAAACAT
mitochondrial	.	11233	2	.	T	.	C
mitochondrial	.	11235	2	.	C	.	A
mitochondrial	.	11236	2	.	A	.	C
mitochondrial	.	11237	2	.	A	.	T
mitochondrial	.	11238	2	.	CTACGGGTCCCGCTAAGGTCAGTAATGACTATGCGGTC	.	ACGGGTCCCGCTAAGGTCAGTAATGACTATGCGGTCAG
mitochondrial	.	11276	2	.	AGAGATCCTGGAGTAGCTGTTGATCATTTTGATCAATACGGT	.	AGATCCTGGAGTAGCTGTTGATCATTTTGATCAATACGGTCC
mitochondrial	.	11318	2	.	CCTTTGAAAGAGGGAAGAAGTTTGAACTCTGCAAAGATTT	.	TTTGAAAGAGGGAAGAAGTTTGAACTCTGCAAAGATTTCA
mitochondrial	.	11358	2	.	CAACACAGTGAAGTGGATCAGCTACATTAAAGTCTTCCAATA	.	ACACAGTGAAGTGGATCAGCTACATTAAAGTCTTCCAATAGA,GGACAGTGAAGTGGATCAGCTACATTAAAGTCTTCCAATAGA
mitochondrial	.	11400	2	.	GATCAATATTTAATATTGGTTTAGGATACATTAATAC	.	TCAATATTTAATATTGGTTTAGGATACATTAATACTT
mitochondrial	.	11441	2	.	TTAGGGGTATCTAATGTAAGAGGATTTA	.	AGGGGTATCTAATGTAAGAGGATTTAGT
mitochondrial	.	11469	2	.	GTACAGGATCAGGACGATC	.	ACAGGATCAGGACGATCAA
mitochondrial	.	11492	2	.	AATGTACTAAATAAACTAGACGATTTATCTAAACGATC	.	TGTACTAAATAAACTAGACGATTTATCTAAACGATCAA
mitochondrial	.	11534	2	.	AATTATCCTAATCTTGTAATTGATAGAAA	.	TTATCCTAATCTTGTAATTGATAGAAATC
mitochondrial	.	11563	2	.	TCTCTACAAAGA	.	TCTACAAAGATT
mitochondrial	.	11575	2	.	TTTCCTATTAAATCGAGATA	.	TCCTATTAAATCGAGATATG
mitochondrial	.	11595	2	.	TGTTCCTTATTGCTTATA	.	TTCCTTATTGCTTATAAT
mitochondrial	.	11613	2	.	ATAAATTAAAA	.	AAATTAAAATC
mitochondrial	.	11625	2	.	C	.	A
mitochondrial	.	11626	2	.	T	.	A
mitochondrial	.	11627	2	.	A	.	T
mitochondrial	.	11628	2	.	AT	.	CC
mitochondrial	.	11630	2	.	CCTGGTATGATGACTCCTGGTCTTAAACCGGATAC	.	TGGTATGATGACTCCTGGTCTTAAACCGGATACTT
mitochondrial	.	11665	2	.	TTTAGATGGAATGTCTATAGATGTTATTGATAAAATTATCC	.	TAGATGGAATGTCTATAGATGTTATTGATAAAATTATCCCC,TAGATGGAATGTCTATAGATGTTATTGATAAAATTATCCAA
mitochondrial	.	11707	2	.	A	.	G
mitochondrial	.	11708	2	.	A	.	C
mitochondrial	.	11709	2	.	G	.	C
mitochondrial	.	11710	2	.	C	.	T
mitochondrial	.	11711	2	.	C	.	T
mitochondrial	.	11712	2	.	T	.	A
mitochondrial	.	11713	2	.	T	.	A
mitochondrial	.	11715	2	.	A	.	T
mitochondrial	.	11716	2	.	A	.	C
mitochondrial	.	11718	2	.	C	.	G
mitochondrial	.	11719	2	.	T	.	A
mitochondrial	.	11720	2	.	G	.	A
mitochondrial	.	11721	2	.	A	.	G
mitochondrial	.	11723	2	.	G	.	A
mitochondrial	.	11724	2	.	A	.	T
mitochondrial	.	11725	2	.	A	.	T
mitochondrial	.	11727	2	.	T	.	A
mitochondrial	.	11728	2	.	T	.	A
mitochondrial	.	11729	2	.	A	.	C
mitochondrial	.	11730	2	.	A	.	T
mitochondrial	.	11731	2	.	C	.	T
mitochondrial	.	11732	2	.	T	.	C
mitochondrial	.	11733	2	.	T	.	A
mitochondrial	.	11734	2	.	CACTCCTGGTAGACGTATCTTAATTG	.	CTCCTGGTAGACGTATCTTAATTGAT
mitochondrial	.	11760	2	.	ATAAAGCCAGTG	.	AAAGCCAGTGGT
mitochondrial	.	11772	2	.	GTGGAAAAAGACCAT	.	GGAAAAAGACCATTA
mitochondrial	.	11787	2	.	TAACAATTGGTAGTCCTC	.	ACAATTGGTAGTCCTCGA
mitochondrial	.	11805	2	.	GAGACAAATTAGTTCAAGAAAT	.	GACAAATTAGTTCAAGAAATTC
mitochondrial	.	11827	2	.	TCTTAGAATAGTCCTT	.	TTAGAATAGTCCTTGA
mitochondrial	.	11843	2	.	GAGGCTATCTATGAACCATTA	.	GGCTATCTATGAACCATTATT
mitochondrial	.	11864	2	.	TTTAATACTGCT	.	TAATACTGCTTC
mitochondrial	.	11876	2	.	TCTCATGGATTT	.	TCATGGATTTAG
mitochondrial	.	11888	2	.	AGACCAGGTCGAAGTTGTCATTCTG	.	ACCAGGTCGAAGTTGTCATTCTGCT
mitochondrial	.	11913	2	.	CTCTTAGATCTATTTT	.	CTTAGATCTATTTTCA
mitochondrial	.	11929	2	.	CACTAATTTTAAAGGT	.	CTAATTTTAAAGGTTG
mitochondrial	.	11945	2	.	TGTACTTGGTGGATTGAAGGAGATA	.	TACTTGGTGGATTGAAGGAGATATT
mitochondrial	.	11970	2	.	TTAAAGCTTGTTT	.	AAAGCTTGTTTTG
mitochondrial	.	11983	2	.	TGATTCTATCCCTCATG	.	ATTCTATCCCTCATGAT
mitochondrial	.	12000	2	.	ATAAATTAATTGCTCTATTATCT	.	AAATTAATTGCTCTATTATCTTC
mitochondrial	.	12023	2	.	TCTAAAATTAAAGATCAA	.	TAAAATTAAAGATCAACG
mitochondrial	.	12041	2	.	CGATTTATTCAATTAATTCGT	.	ATTTATTCAATTAATTCGTAA
mitochondrial	.	12062	2	.	AAAGCTTTAAATGCTGGATA	.	AGCTTTAAATGCTGGATATC
mitochondrial	.	12082	2	.	TCTAACTGAAAATAGATATAA	.	TAACTGAAAATAGATATAAAT
mitochondrial	.	12103	2	.	ATACGATATTGTTGGAACTC	.	ACGATATTGTTGGAACTCCT
mitochondrial	.	12123	2	.	CTCAAGGTTCTATAG	.	CAAGGTTCTATAGTT
mitochondrial	.	12138	2	.	TTAGTCCTATCTTAGCAA	.	AGTCCTATCTTAGCAAAT
mitochondrial	.	12156	2	.	ATA	.	ATC
mitochondrial	.	12159	2	.	TCTACCTTCATCAATTGGATGAATTTATTG	.	TACCTTCATCAATTGGATGAATTTATTGAA
mitochondrial	.	12189	2	.	AAAACCTAAAA	.	AACCTAAAATC
mitochondrial	.	12200	2	.	TCAGAATTTGATTACAAAGGTCCAATAG	.	AGAATTTGATTACAAAGGTCCAATAGCT
mitochondrial	.	12228	2	.	CTCGTAAA	.	CGTAAAAG
mitochondrial	.	12236	2	.	AGAACTTCTGAATCT	.	AACTTCTGAATCTAG
mitochondrial	.	12251	2	.	AGACATCTTCATTATCTAATGGC	.	ACATCTTCATTATCTAATGGCAA
mitochondrial	.	12274	2	.	AAAAGCCAAAAGAG	.	AAGCCAAAAGAGAA
mitochondrial	.	12288	2	.	AAAATGCTGATTCAAAAACAATTAG	.	AATGCTGATTCAAAAACAATTAGAA
mitochondrial	.	12313	2	.	AAAAATAGCGATTG	.	AAATAGCGATTGAA
mitochondrial	.	12327	2	.	AAATGCGTAATGTTCCTAATAAG	.	ATGCGTAATGTTCCTAATAAGAT
mitochondrial	.	12350	2	.	ATACATGGTATTCAA	.	ACATGGTATTCAATC
mitochondrial	.	12365	2	.	TCTAATAAACTAATGTATGTTCG	.	TAATAAACTAATGTATGTTCGAT
mitochondrial	.	12388	2	.	ATACGCTGATGATTGGATAGTTGCAGTTAATGGAAGTTATA	.	ACGCTGATGATTGGATAGTTGCAGTTAATGGAAGTTATACT
mitochondrial	.	12430	2	.	TCAAACTAAAGAGATTTTAGCT	.	AAACTAAAGAGATTTTAGCTAA
mitochondrial	.	12452	2	.	AAAATTACCTGTTTC	.	AATTACCTGTTTCTG
mitochondrial	.	12467	2	.	TGTTCATCAATTGGACTAACAGTA	.	TTCATCAATTGGACTAACAGTATC
mitochondrial	.	12491	2	.	TCTCCAACTAAGACT	.	TCCAACTAAGACTAA
mitochondrial	.	12506	2	.	AAAATAACTAATTCATATACGGAT	.	AATAACTAATTCATATACGGATAA
mitochondrial	.	12530	2	.	AAAATACTTTTCCTTG	.	AATACTTTTCCTTGGT
mitochondrial	.	12546	2	.	GTACTAATATTAGCCATTCT	.	ACTAATATTAGCCATTCTAA
mitochondrial	.	12566	2	.	AAAAATGTTACCTTTAGT	.	AAATGTTACCTTTAGTAG
mitochondrial	.	12584	2	.	AGACATTTTGGTATACTTCAA	.	ACATTTTGGTATACTTCAAAG
mitochondrial	.	12605	2	.	AGAAATTCTGGGTTTA	.	AAATTCTGGGTTTATT
mitochondrial	.	12621	2	.	TTTTACTTTCTG	.	TTACTTTCTGCT
mitochondrial	.	12633	2	.	CTCCTATGGATCGAATTGC	.	CCTATGGATCGAATTGCAA
mitochondrial	.	12657	2	.	AACTTAGAGAAACTGGACTTATGCTTAATC	.	CTTAGAGAAACTGGACTTATGCTTAATCAT
mitochondrial	.	12687	2	.	ATAAAGGTAGA	.	AAAGGTAGATC
mitochondrial	.	12698	2	.	TCTGTTATTAGATGGTTACCTCTTGA	.	TGTTATTAGATGGTTACCTCTTGATG
mitochondrial	.	12724	2	.	TGTACGACAAAT	.	TACGACAAATTA
mitochondrial	.	12736	2	.	TATTGGTTTAGCGAATTCTATTATT	.	TTGGTTTAGCGAATTCTATTATTAG
mitochondrial	.	12761	2	.	AGAGGTTACGATAAT	.	AGGTTACGATAATTA
mitochondrial	.	12776	2	.	TATTATTCTTTTGTTCATAAT	.	TTATTCTTTTGTTCATAATAG
mitochondrial	.	12797	2	.	AGAGGAAGATTTG	.	AGGAAGATTTGCT
mitochondrial	.	12810	2	.	CTACTTACGTTTACTTCATAATTAAAGA	.	ACTTACGTTTACTTCATAATTAAAGACT
mitochondrial	.	12838	2	.	CTGTGTTCTTCGA	.	GTGTTCTTCGAAC
mitochondrial	.	12851	2	.	ACATTAGCTCATAAATTATCA	.	ATTAGCTCATAAATTATCATT
mitochondrial	.	12872	2	.	TTAGGTACTAGAATGAAAGTAATT	.	AGGTACTAGAATGAAAGTAATTAA
mitochondrial	.	12900	2	.	AATTTGGTCCTGACCTTTCTATCTATGATTACAACTCT	.	TTTGGTCCTGACCTTTCTATCTATGATTACAACTCTAG
mitochondrial	.	12938	2	.	AGAGATGAAAATAATAAACCAAAATTAATTACCCAATTATTT	.	AGATGAAAATAATAAACCAAAATTAATTACCCAATTATTTAA
mitochondrial	.	12981	2	.	AACCTTCTTGGAAAGTTAATGTTTGGGGATTTAAATCTGAC	.	CCTTCTTGGAAAGTTAATGTTTGGGGATTTAAATCTGACAA
mitochondrial	.	13023	2	.	AAGTTAAATTGAACATTAGAACACTTTATGCT	.	GTTAAATTGAACATTAGAACACTTTATGCTTC
mitochondrial	.	13055	2	.	TCTCACTTA	.	TCACTTATC
mitochondrial	.	13064	2	.	TCAATGGCTAACTTAGAAAATCTACA	.	AATGGCTAACTTAGAAAATCTACAGT
mitochondrial	.	13090	2	.	GTGTGCTGCTTGTC	.	GTGCTGCTTGTCAA
mitochondrial	.	13104	2	.	AAAGTACTTATAAA	.	AGTACTTATAAAGT
mitochondrial	.	13118	2	.	GTGGAAATGCATCATGTTAGAC	.	GGAAATGCATCATGTTAGACAG
mitochondrial	.	13140	2	.	AGATGAAAAATCTTAAA	.	ATGAAAAATCTTAAACC
mitochondrial	.	13157	2	.	CCAATCAAAGGTACTTTAGATTAC	.	AATCAAAGGTACTTTAGATTACTT
mitochondrial	.	13181	2	.	TTAATGGCAAAAGCAA	.	AATGGCAAAAGCAAAT
mitochondrial	.	13197	2	.	ATAGAAAACAAATTCCATTATGT	.	AGAAAACAAATTCCATTATGTAG
mitochondrial	.	13220	2	.	AGATCTTGTCACATG	.	ATCTTGTCACATGAA
mitochondrial	.	13235	2	.	AAACTTCATGCTAATAAGTTAA	.	ACTTCATGCTAATAAGTTAACT
mitochondrial	.	13257	2	.	CTCTTAATGAGGAT	.	CTTAATGAGGATAA
mitochondrial	.	13275	2	.	AAGTTTAGATATCTTAAATGTAGTGGAGAGCCG	.	GTTTAGATATCTTAAATGTAGTGGAGAGCCGTA
mitochondrial	.	13308	2	.	TATAATTA	.	TAATTACG
mitochondrial	.	13316	2	.	CGAAAGTATCCCGTACGGTTCG	.	AAAGTATCCCGTACGGTTCGGT
mitochondrial	.	13338	2	.	GTGACGAGCCGTGTCAA	.	GACGAGCCGTGTCAACC
mitochondrial	.	13355	2	.	CCCTGCAAAGGGAATGCG	.	CTGCAAAGGGAATGCGTC
mitochondrial	.	13373	2	.	TCTTAGTTCAATGATTTG	.	TTAGTTCAATGATTTGAT
mitochondrial	.	13391	2	.	ATAACAATATTTATCT	.	AACAATATTTATCTTC
mitochondrial	.	13407	2	.	TCTTAATCGGTATAAAT	.	TTAATCGGTATAAATTA
mitochondrial	.	13424	2	.	TATATGGCATTCTATAATCC	.	TATGGCATTCTATAATCCAT
mitochondrial	.	13444	2	.	ATATGGATTTATGGAACC	.	ATGGATTTATGGAACCAG
mitochondrial	.	13462	2	.	AGATTGTGCTTTACCAGCGGATC	.	ATTGTGCTTTACCAGCGGATCCT
mitochondrial	.	13485	2	.	CTCTAAAAACTCCAATG	.	CTAAAAACTCCAATGTC
mitochondrial	.	13502	2	.	TCTATTGTTCCAGAATGGTA	.	TATTGTTCCAGAATGGTATT
mitochondrial	.	13522	2	.	TTTATTACCTTTCTATGCTA	.	TATTACCTTTCTATGCTATT
mitochondrial	.	13542	2	.	TTTTAAGAGCTATACC	.	TTAAGAGCTATACCTA
mitochondrial	.	13558	2	.	TAACTTCCAATTAGGAGTTATA	.	ACTTCCAATTAGGAGTTATAGC
mitochondrial	.	13580	2	.	GCAATGTTATTATCAATC	.	AATGTTATTATCAATCTT
mitochondrial	.	13598	2	.	TTAGTATTACTATTA	.	AGTATTACTATTATT
mitochondrial	.	13613	2	.	TTACCATTATTAGATT	.	ACCATTATTAGATTTC
mitochondrial	.	13629	2	.	TCTCAGCTATTAGAGGTAATAG	.	TCAGCTATTAGAGGTAATAGTT
mitochondrial	.	13651	2	.	TTTTAACCCATTTG	.	TTAACCCATTTGGT
mitochondrial	.	13665	2	.	GTAAATTCTTCTTCT	.	AAATTCTTCTTCTGG
mitochondrial	.	13680	2	.	GGACATTTGTTGCCGATTTTGTAAT	.	ACATTTGTTGCCGATTTTGTAATTC
mitochondrial	.	13705	2	.	TCTTGCATGGATTGGT	.	TTGCATGGATTGGTGG
mitochondrial	.	13721	2	.	GGATCACATCCAGAAAACGTC	.	ATCACATCCAGAAAACGTCTT
mitochondrial	.	13742	2	.	TTTATCACAATTGGTG	.	TATCACAATTGGTGCT
mitochondrial	.	13758	2	.	CTATTGCTACAATCTTCTA	.	ATTGCTACAATCTTCTATT
mitochondrial	.	13777	2	.	TTTTAGCTACTTCTTTATTTTA	.	TTAGCTACTTCTTTATTTTAAT
mitochondrial	.	13799	2	.	ATACCAG	.	ACCAGTA
mitochondrial	.	13810	2	.	TACTATATTAGGTAATACATTAATTGATTTAAA	.	CTATATTAGGTAATACATTAATTGATTTAAATT
mitochondrial	.	13843	2	.	TTTAAG	.	TAAGCT
mitochondrial	.	13849	2	.	CTCAATTAAACGATAATCTCTTCCCCC	.	CAATTAAACGATAATCTCTTCCCCCTT
mitochondrial	.	13876	2	.	TTTACAC	.	TACACTA
mitochondrial	.	13887	2	.	TAAAAATATCTTATTTAAACAGTATAATATTTAAT	.	AAAATATCTTATTTAAACAGTATAATATTTAATAA
mitochondrial	.	13922	2	.	AAAAAGCTCATCAAAAGGTATGAATAAAAG	.	AAAGCTCATCAAAAGGTATGAATAAAAGTT
mitochondrial	.	13956	2	.	TTACATAGATTAGGTAAT	.	ACATAGATTAGGTAATAA
mitochondrial	.	13974	2	.	AAAACATTCTTTGGGTGTTAGTA	.	AACATTCTTTGGGTGTTAGTAGT
mitochondrial	.	13997	2	.	GTGATTAGAAGAAGTTGA	.	GATTAGAAGAAGTTGATC
mitochondrial	.	14015	2	.	TCTTTTAGGGATTTATTTT	.	TTTTAGGGATTTATTTTTA
mitochondrial	.	14034	2	.	TATCAGAATTTTTACGGTCAA	.	TCAGAATTTTTACGGTCAATT
mitochondrial	.	14055	2	.	TTTTTATCTAATTAAA	.	TTTATCTAATTAAATG
mitochondrial	.	14071	2	.	TGTGAATAAGTTTGCGA	.	TGAATAAGTTTGCGATT
mitochondrial	.	14088	2	.	TTTAATGTAATTGGTTAACA	.	TAATGTAATTGGTTAACATC
mitochondrial	.	14108	2	.	TCTCTGACTCATGATCA	.	TCTGACTCATGATCAGT
mitochondrial	.	14125	2	.	GTGTATTAAGG	.	GTATTAAGGTT
mitochondrial	.	14136	2	.	TTCAAGTCCTTAGGTCGCACTTTATG	.	CAAGTCCTTAGGTCGCACTTTATGCT
mitochondrial	.	14162	2	.	CTCTGATAACTT	.	CTGATAACTTAA
mitochondrial	.	14174	2	.	AACGGTTAAA	.	CGGTTAAAGT
mitochondrial	.	14184	2	.	GTGCAGTATTGAAGCTGCTGAGATATTGG	.	GCAGTATTGAAGCTGCTGAGATATTGGTT
mitochondrial	.	14213	2	.	TTCGATTCCATT	.	CGATTCCATTTC
mitochondrial	.	14225	2	.	TCAGAGCAAATAAAAGAATC	.	AGAGCAAATAAAAGAATCTG
mitochondrial	.	14245	2	.	TGTAGCTTAAAGTAAAGTAT	.	TAGCTTAAAGTAAAGTATCG
mitochondrial	.	14265	2	.	CGCCTTGTCACG	.	CCTTGTCACGGT
mitochondrial	.	14277	2	.	GTGATGGATGCCCACTC	.	GATGGATGCCCACTCGT
mitochondrial	.	14294	2	.	GTACTGGGTCAGATTCG	.	ACTGGGTCAGATTCGTT
mitochondrial	.	14311	2	.	TTTAAGCAG	.	TAAGCAGAT
mitochondrial	.	14320	2	.	ATATAAGTCAATTGGC	.	ATAAGTCAATTGGCAG
mitochondrial	.	14336	2	.	AGACCTTCTGATTTCCACTTAGAT	.	ACCTTCTGATTTCCACTTAGATTA
mitochondrial	.	14360	2	.	TATGTTCGTTCGAATC	.	TGTTCGTTCGAATCGG
mitochondrial	.	14376	2	.	GGACTATCTGCATTAA	.	ACTATCTGCATTAAAT
mitochondrial	.	14392	2	.	ATAAGCCTAAATGCTGGAATTTGGT	.	AAGCCTAAATGCTGGAATTTGGTAG
mitochondrial	.	14417	2	.	AGACAGAACAAACTTA	.	ACAGAACAAACTTAAG
mitochondrial	.	14433	2	.	AGATTTGTCGCTTTCGAGC	.	ATTTGTCGCTTTCGAGCGT
mitochondrial	.	14452	2	.	GTGTTGGTTCGAGTCCAAC	.	GTTGGTTCGAGTCCAACTT
mitochondrial	.	14471	2	.	TTTAGGTATAACT	.	TAGGTATAACTAA
mitochondrial	.	14494	2	.	AAGAGTATAGTTTAATTGGT	.	GAGTATAGTTTAATTGGTAA
mitochondrial	.	14514	2	.	AAAACTTCTGATTCCAAATT	.	AACTTCTGATTCCAAATTAG
mitochondrial	.	14534	2	.	AGACATTGTTCGTTCAAG	.	ACATTGTTCGTTCAAGTC
mitochondrial	.	14552	2	.	TCGGACTGCTCTTGA	.	GGACTGCTCTTGATT
mitochondrial	.	14571	2	.	TTATTCTTTGATCTGTTAGGGAAGTATGCAGA	.	ATTCTTTGATCTGTTAGGGAAGTATGCAGATG
mitochondrial	.	14603	2	.	TGTGATGAAA	.	TGATGAAATT
mitochondrial	.	14613	2	.	TTGGTAAACATGTTTACCTTAGGAGT	.	GGTAAACATGTTTACCTTAGGAGTAA
mitochondrial	.	14639	2	.	AAAATCTTGAAGGTT	.	AATCTTGAAGGTTCG
mitochondrial	.	14654	2	.	CGAATCCTTCCATCTGTAGGAT	.	AATCCTTCCATCTGTAGGATAA
mitochondrial	.	14680	2	.	AATCTCTAAAAGATTTTTCTTAGTT	.	TCTCTAAAAGATTTTTCTTAGTTAA
mitochondrial	.	14705	2	.	AAAATCTTAATTGAT	.	AATCTTAATTGATTA
mitochondrial	.	14720	2	.	TACTAAAAATACTCTACAAAATTTT	.	CTAAAAATACTCTACAAAATTTTTA
mitochondrial	.	14745	2	.	TATA	.	TATT
mitochondrial	.	14754	2	.	TTAAATGTTTATTACAAGTCCTTT	.	AAATGTTTATTACAAGTCCTTTAG
mitochondrial	.	14778	2	.	AGAACAATTCGAATTAA	.	AACAATTCGAATTAAAT
mitochondrial	.	14795	2	.	ATAATTATTTCGGTTTCTATC	.	AATTATTTCGGTTTCTATCTT
mitochondrial	.	14816	2	.	TTTTTAATTACCATTTTGA	.	TTTAATTACCATTTTGATT
mitochondrial	.	14835	2	.	TTTCTCTAATTTTGGTTTCTA	.	TCTCTAATTTTGGTTTCTATT
mitochondrial	.	14856	2	.	TTTAGGTTTAAGTGCA	.	TAGGTTTAAGTGCATT
mitochondrial	.	14872	2	.	TTAATTGCTATTTCATTAGCAATA	.	AATTGCTATTTCATTAGCAATAAT
mitochondrial	.	14896	2	.	ATAAATTTAACACC	.	AAATTTAACACCAT
mitochondrial	.	14910	2	.	ATATGGATCAGGAGCTAAAATAGTAC	.	ATGGATCAGGAGCTAAAATAGTACCT
mitochondrial	.	14936	2	.	CTCAAAAATTTGGTAT	.	CAAAAATTTGGTATAG
mitochondrial	.	14952	2	.	AGCAATGGAAGCTATTTATTTTAC	.	CAATGGAAGCTATTTATTTTACTA
mitochondrial	.	14976	2	.	TATGTTAAATTTAGTTG	.	TGTTAAATTTAGTTGAA
mitochondrial	.	14993	2	.	AAAATCAAATTCATAGTTC	.	AATCAAATTCATAGTTCAA
mitochondrial	.	15012	2	.	AAAAACTGTATCAGGAC	.	AAACTGTATCAGGACAA
mitochondrial	.	15029	2	.	AAAGCTATTTCCCATTCATTTG	.	AGCTATTTCCCATTCATTTGGA
mitochondrial	.	15051	2	.	GAGTTTATTTGTTTTAATC	.	GTTTATTTGTTTTAATCTT
mitochondrial	.	15070	2	.	TTATTTTCTAATTTCTTAGGA	.	ATTTTCTAATTTCTTAGGATT
mitochondrial	.	15091	2	.	TTAATTCCTTATGGTTATGCTACTACTGCTCAATTAATCTTT	.	AATTCCTTATGGTTATGCTACTACTGCTCAATTAATCTTTAC
mitochondrial	.	15133	2	.	ACTTTAGGTTTAAGTATTTCTATTTTAATTGGTGCTACTATT	.	TTTAGGTTTAAGTATTTCTATTTTAATTGGTGCTACTATTTT
mitochondrial	.	15175	2	.	TTAGGATTACAACAACATAAAGCTAAATTCTTTGGATTATTC	.	AGGATTACAACAACATAAAGCTAAATTCTTTGGATTATTCTT
mitochondrial	.	15217	2	.	TTACCTTCTGGTACTCCTACTCCTTTAATTCCTCTTTTAGTT	.	ACCTTCTGGTACTCCTACTCCTTTAATTCCTCTTTTAGTTTT
mitochondrial	.	15259	2	.	TTAATTGAATTCGTTTCTTATATTGCTAGAGGTTTAAGTTTA	.	AATTGAATTCGTTTCTTATATTGCTAGAGGTTTAAGTTTAGG
mitochondrial	.	15301	2	.	GGTATTCGATTAGGTGCTAATATTATAGCAGGTCATTTAACA	.	TATTCGATTAGGTGCTAATATTATAGCAGGTCATTTAACAAT
mitochondrial	.	15343	2	.	ATGTCAATTTTAGGAGGTTTAATCTTTACTTTCATGGGATT	.	GTCAATTTTAGGAGGTTTAATCTTTACTTTCATGGGATTAA,GGGAATTTTAGGAGGTTTAATCTTTACTTTCATGGGATTAA
mitochondrial	.	15385	2	.	AATCTTATTACTTTTATTATTGGTTTCTTACCTA	.	TCTTATTACTTTTATTATTGGTTTCTTACCTATT
mitochondrial	.	15419	2	.	TTACAGTTTTAGTCGCTATCTCTTTATTAGAATTTGGTATTG	.	ACAGTTTTAGTCGCTATCTCTTTATTAGAATTTGGTATTGCT
mitochondrial	.	15461	2	.	CTTTTATTCAAGCTTATGTATTCGCTATTTTAACTTGTGGAT	.	TTTATTCAAGCTTATGTATTCGCTATTTTAACTTGTGGATTC
mitochondrial	.	15503	2	.	TCATTAATGATAGTTTAAACCTTCACTAATTTTCTCCCCCTA	.	ATTAATGATAGTTTAAACCTTCACTAATTTTCTCCCCCTATT
mitochondrial	.	15548	2	.	TTATGGTGATTGTAATTCAATGGTAGAATGCTTATT	.	ATGGTGATTGTAATTCAATGGTAGAATGCTTATTTG
mitochondrial	.	15584	2	.	TGTGGC	.	TGGCAT
mitochondrial	.	15590	2	.	ATA	.	AAG
mitochondrial	.	15594	2	.	G	.	A
mitochondrial	.	15595	2	.	A	.	G
mitochondrial	.	15596	2	.	A	.	T
mitochondrial	.	15597	2	.	G	.	T
mitochondrial	.	15598	2	.	TTCTTGGTTCGATTCCAAGTAATCACCCAATCAAAAT	.	CTTGGTTCGATTCCAAGTAATCACCCAATCAAAATTA
mitochondrial	.	15639	2	.	TAA	.	ACT
mitochondrial	.	15646	2	.	CTTTAAAAAGTGTTTAACGG	.	TTAAAAAGTGTTTAACGGAT
mitochondrial	.	15666	2	.	ATAGAAACATGTATTGGTTCA	.	AGAAACATGTATTGGTTCATG
mitochondrial	.	15687	2	.	TGTACTTGCTTTGGGTGT	.	TACTTGCTTTGGGTGTGA
mitochondrial	.	15705	2	.	GAGAATTTGTTAGTTCGAA	.	GAATTTGTTAGTTCGAATC
mitochondrial	.	15724	2	.	TCTAACCTATCCGATAATAA	.	TAACCTATCCGATAATAAGT
mitochondrial	.	15744	2	.	GTGATTGGGTTGTTGACTA	.	GATTGGGTTGTTGACTAAT
mitochondrial	.	15763	2	.	ATAGGTAAGTCCCTGAAATT	.	AGGTAAGTCCCTGAAATTTG
mitochondrial	.	15783	2	.	TGACTTCAGTCTATGTAAG	.	ACTTCAGTCTATGTAAGTT
mitochondrial	.	15802	2	.	TTCGAATCTTACCAT	.	CGAATCTTACCATCC
mitochondrial	.	15817	2	.	CCCATTACTTAAACATC	.	CATTACTTAAACATCTT
mitochondrial	.	15834	2	.	TTTAAGATGTTCCTAAACCAT	.	TAAGATGTTCCTAAACCATCC
mitochondrial	.	15855	2	.	CC	.	AA
mitochondrial	.	15865	2	.	AACACTTTATTAGTGGGATGGTCTC	.	CACTTTATTAGTGGGATGGTCTCTT
mitochondrial	.	15894	2	.	TTA	.	ATT
mitochondrial	.	15898	2	.	T	.	A
mitochondrial	.	15899	2	.	T	.	A
mitochondrial	.	15900	2	.	A	.	G
mitochondrial	.	15901	2	.	A	.	T
mitochondrial	.	15902	2	.	G	.	A
mitochondrial	.	15904	2	.	A	.	T
mitochondrial	.	15905	2	.	TTT	.	TCC
mitochondrial	.	15908	2	.	C	.	A
mitochondrial	.	15909	2	.	C	.	A
mitochondrial	.	15912	2	.	A	.	T
mitochondrial	.	15913	2	.	A	.	C
mitochondrial	.	15914	2	.	T	.	A
mitochondrial	.	15915	2	.	CAATTAGGAACCAATTAGGGTTTCTTAAA	.	ATTAGGAACCAATTAGGGTTTCTTAAATT
mitochondrial	.	15944	2	.	TTTCTAATCAAA	.	TCTAATCAAAAT
mitochondrial	.	15956	2	.	ATGC	.	GCAA
mitochondrial	.	15965	2	.	AATAATTT	.	TAATTTAA
mitochondrial	.	15977	2	.	AATTTAATTACTACTATTGTAACTAATGC	.	TTTAATTACTACTATTGTAACTAATGCTT
mitochondrial	.	16011	2	.	TTAATCAAAAAGCTAATTTTTCAATAC	.	AATCAAAAAGCTAATTTTTCAATACCT
mitochondrial	.	16038	2	.	CTCTTAAAGGTGTTA	.	CTTAAAGGTGTTATT
mitochondrial	.	16053	2	.	TTGGAG	.	GGAGAA
mitochondrial	.	16063	2	.	AAGACCATCAATCTTAATAGGAAATATTAATATAAA	.	GACCATCAATCTTAATAGGAAATATTAATATAAATT
mitochondrial	.	16099	2	.	TTTTAAAAGTGATTCTTTAATTGAAGTATCTTTCCCTTATTA	.	TTAAAAGTGATTCTTTAATTGAAGTATCTTTCCCTTATTATC
mitochondrial	.	16141	2	.	TCCTTTACTTAATAAAAATTATCCAAATCCTTCAATTATAAG	.	CTTTACTTAATAAAAATTATCCAAATCCTTCAATTATAAGTA
mitochondrial	.	16183	2	.	TAATATTATACAAAAAGCTCTTTCAAATCATCTTTTATATTC	.	ATATTATACAAAAAGCTCTTTCAAATCATCTTTTATATTCAT
mitochondrial	.	16225	2	.	ATCTAAAAATTACTCTTTTATTGTTAATATTAGAGCTCTTCC	.	CTAAAAATTACTCTTTTATTGTTAATATTAGAGCTCTTCCTC,CTAAAAATTACTCTTTTATTGTTAATATTAGAGCTCTTCCTA
mitochondrial	.	16268	2	.	ATTTCAACTCCTTATGGAAGTAGTTTAATCTTTTCAAA	.	TTCAACTCCTTATGGAAGTAGTTTAATCTTTTCAAAAT
mitochondrial	.	16311	2	.	TAGCAATAATAATAGGATCAAATCCAAAAATAGCT	.	GCAATAATAATAGGATCAAATCCAAAAATAGCTTC
mitochondrial	.	16346	2	.	TCTACA	.	TACATT
mitochondrial	.	16352	2	.	TTATGGATAGATCCTAAACGATTTATTAATTTA	.	ATGGATAGATCCTAAACGATTTATTAATTTACC
mitochondrial	.	16385	2	.	CCCAAATT	.	CAAATTAC
mitochondrial	.	16393	2	.	ACAAAGTGATTCTATATTTAAAA	.	AAAGTGATTCTATATTTAAAATT
mitochondrial	.	16416	2	.	TTTTAGGATTAAATGTA	.	TTAGGATTAAATGTACC
mitochondrial	.	16433	2	.	CCAAAAGGATGGAAAGGTATTC	.	AAAAGGATGGAAAGGTATTCAT
mitochondrial	.	16455	2	.	ATATCTCATTAAA	.	ATCTCATTAAATT
mitochondrial	.	16468	2	.	TTTAATTAAATGAAATAG	.	TAATTAAATGAAATAGTC
mitochondrial	.	16486	2	.	TCTATCATCAAGAGGACGAATAA	.	TATCATCAAGAGGACGAATAACT
mitochondrial	.	16509	2	.	CTAATATAATTAAAGGTA	.	AATATAATTAAAGGTAGT
mitochondrial	.	16527	2	.	GTGTACCATTAACAAATAAT	.	GTACCATTAACAAATAATTC
mitochondrial	.	16547	2	.	TCTAATGGATATGATG	.	TAATGGATATGATGAA
mitochondrial	.	16563	2	.	AAAGTTCTTTAGCTATTTATTCT	.	AGTTCTTTAGCTATTTATTCTAA
mitochondrial	.	16586	2	.	AAAATGGGTACTATTC	.	AATGGGTACTATTCAA
mitochondrial	.	16602	2	.	AAATTAAGGTTAGATTGTCTTAT	.	ATTAAGGTTAGATTGTCTTATTC
mitochondrial	.	16625	2	.	TCTTCAAATCTTTAATTG	.	TTCAAATCTTTAATTGTT
mitochondrial	.	16643	2	.	TTTCCCCCTTCAATCA	.	TCCCCCTTCAATCATT
mitochondrial	.	16659	2	.	TTTAAAGTTCTTTAACTT	.	TAAAGTTCTTTAACTTAA
mitochondrial	.	16677	2	.	AAAAGGTCAGAGTGCAGACTTG	.	AAGGTCAGAGTGCAGACTTGAT
mitochondrial	.	16699	2	.	ATAAGTCTGTGGTATTGG	.	AAGTCTGTGGTATTGGTT
mitochondrial	.	16717	2	.	TTCGATTCCAATAAGAACTAG	.	CGATTCCAATAAGAACTAGCC
mitochondrial	.	16738	2	.	CCAAATAAATTAATCCA	.	AAATAAATTAATCCATT
mitochondrial	.	16755	2	.	TTACAATATAATTAATACCCTTT	.	ACAATATAATTAATACCCTTTAA
mitochondrial	.	16778	2	.	AAAAGTTGTATGGAA	.	AAGTTGTATGGAATT
mitochondrial	.	16793	2	.	TTTTTCAATGAAGTAAAATAACT	.	TTTCAATGAAGTAAAATAACTCC
mitochondrial	.	16816	2	.	CCCAAATCTTTATTTTTC	.	CAAATCTTTATTTTTCTT
mitochondrial	.	16834	2	.	TTTAAACCTTTA	.	TAAACCTTTAGT
mitochondrial	.	16846	2	.	GTAACTATCAATTTAAAAGTGAAAAAGAT	.	AACTATCAATTTAAAAGTGAAAAAGATAA
mitochondrial	.	16879	2	.	AATAAAGAAACCCTATAGGGTTA	.	TAAAGAAACCCTATAGGGTTACT
mitochondrial	.	16902	2	.	CTCAAATCATTAATATG	.	CAAATCATTAATATGCC
mitochondrial	.	16919	2	.	CCACAATTAGTACCATTCTA	.	ACAATTAGTACCATTCTATT
mitochondrial	.	16939	2	.	TTTTATTAATATTTTATC	.	TTATTAATATTTTATCTT
mitochondrial	.	16957	2	.	TTTTGG	.	TTGGTT
mitochondrial	.	16967	2	.	TTAATCTTTACTGTTTTAT	.	AATCTTTACTGTTTTATTA
mitochondrial	.	16991	2	.	ATTTCATCAGTATATGTATTACCAAG	.	TTCATCAGTATATGTATTACCAAGAT
mitochondrial	.	17017	2	.	ATATAATGAATTATT	.	ATAATGAATTATTTA
mitochondrial	.	17032	2	.	TATCTCAAGATCTATTATAAGTTC	.	TCTCAAGATCTATTATAAGTTCTT
mitochondrial	.	17056	2	.	TTTATAATTTAACCCCT	.	TATAATTTAACCCCTCC
mitochondrial	.	17073	2	.	CCAAAAGTATTGATAATGT	.	AAAAGTATTGATAATGTTC
mitochondrial	.	17092	2	.	TCAGTGGTCTGAAATTGAATTT	.	AGTGGTCTGAAATTGAATTTGC
mitochondrial	.	17114	2	.	GCAAAATTTG	.	AAAATTTGAT
mitochondrial	.	17128	2	.	ATGAGTTCAATTCTCATCATTATC	.	GAGTTCAATTCTCATCATTATCTT
mitochondrial	.	17152	2	.	TTTTACCATATTTA	.	TTACCATATTTATT
mitochondrial	.	17166	2	.	TTAGGAGAATAGCTTAATTGGT	.	AGGAGAATAGCTTAATTGGTAG
mitochondrial	.	17188	2	.	AGAGCACTTACCTTACAA	.	AGCACTTACCTTACAAGT
mitochondrial	.	17206	2	.	GTAAGATTATAAGGGTTCAAATCCCTTTTCTCCTATTTCA	.	AAGATTATAAGGGTTCAAATCCCTTTTCTCCTATTTCATC
mitochondrial	.	17247	2	.	CTCT	.	CTAA
mitochondrial	.	17257	2	.	AAGGGGAGAATTCTTATGTTGGTTTTA	.	GGGGAGAATTCTTATGTTGGTTTTAAG
mitochondrial	.	17284	2	.	AGAGGTGAGTTGTA	.	AGGTGAGTTGTAGC
mitochondrial	.	17298	2	.	GC	.	CT
mitochondrial	.	17300	2	.	CTCATTAGGTCAATCCTATCGCAGGTTCGATTCCTG	.	CATTAGGTCAATCCTATCGCAGGTTCGATTCCTGCT
mitochondrial	.	17336	2	.	CTCTCCTCATTACTCAAAAGGGAGTAAAATCCC	.	CTCCTCATTACTCAAAAGGGAGTAAAATCCCCT
mitochondrial	.	17374	2	.	TCATC	.	ATCTT
mitochondrial	.	17383	2	.	TTAGTTTTAATTA	.	AGTTTTAATTAAT
mitochondrial	.	17396	2	.	ATAATAAAATGGCATCCATAACTAA	.	AATAAAATGGCATCCATAACTAATT
mitochondrial	.	17421	2	.	TTTAGTATTGTAAAA	.	TAGTATTGTAAAAGG
mitochondrial	.	17436	2	.	GGGAAAATATTTTCTTAATA	.	GAAAATATTTTCTTAATATT
mitochondrial	.	17456	2	.	TTTATTGCACTTTTAGC	.	TATTGCACTTTTAGCTT
mitochondrial	.	17473	2	.	TTAATTGGTTAGAGTAACAA	.	AATTGGTTAGAGTAACAATC
mitochondrial	.	17493	2	.	TCTTCGAAATTGTTAG	.	TTCGAAATTGTTAGTA
mitochondrial	.	17509	2	.	TATAGGTTCAAATCCTATAAA	.	TAGGTTCAAATCCTATAAAGT
mitochondrial	.	17530	2	.	GTGTTAATGAGGTAAGGAT	.	GTTAATGAGGTAAGGATTA
mitochondrial	.	17549	2	.	TATAGCTTAACGGTTAAAGC	.	TAGCTTAACGGTTAAAGCAG
mitochondrial	.	17573	2	.	AGCTCATAACTCTTG	.	CTCATAACTCTTGTA
mitochondrial	.	17588	2	.	TATATTGGTTCGATTCCAGTT	.	TATTGGTTCGATTCCAGTTTG
mitochondrial	.	17609	2	.	TGTCCTAATTTATTTTTC	.	TCCTAATTTATTTTTCCT
mitochondrial	.	17627	2	.	CTCTTTAATTGGAAGG	.	CTTTAATTGGAAGGGT
mitochondrial	.	17643	2	.	GTGTCCGAGTGGTTTAAGGAGCG	.	GTCCGAGTGGTTTAAGGAGCGAT
mitochondrial	.	17666	2	.	ATATTTGAGCTAT	.	ATTTGAGCTATTG
mitochondrial	.	17679	2	.	TGTGATTTATTCATCGCAGG	.	TGATTTATTCATCGCAGGTT
mitochondrial	.	17699	2	.	TTCGAATCCTGCCCCTT	.	CGAATCCTGCCCCTTTC
mitochondrial	.	17716	2	.	TCGAAAGTCTACAGAT	.	GAAAGTCTACAGATAA
mitochondrial	.	17738	2	.	AATCACATTTCTTTTTGTTAGAATAGTAAA	.	TCACATTTCTTTTTGTTAGAATAGTAAACT
mitochondrial	.	17768	2	.	CTCTAGCTGT	.	CTAGCTGTAG
mitochondrial	.	17782	2	.	AGTTAAATTCATCTAAATTTTAAAATATG	.	TTAAATTCATCTAAATTTTAAAATATGAT
mitochondrial	.	17811	2	.	ATACAAGCTGC	.	ACAAGCTGCAA
mitochondrial	.	17822	2	.	AAAATACATTGGTGCTGGTTTAG	.	AATACATTGGTGCTGGTTTAGCT
mitochondrial	.	17845	2	.	CTACAATTGGTGTTAGTG	.	ACAATTGGTGTTAGTGGT
mitochondrial	.	17863	2	.	GTGCTGGTGTTGGTATTGGATTA	.	GCTGGTGTTGGTATTGGATTAAT
mitochondrial	.	17886	2	.	ATCTTCAGTAACTTAA	.	CTTCAGTAACTTAATC
mitochondrial	.	17902	2	.	TCTCAGGTACTTCAAGAAA	.	TCAGGTACTTCAAGAAACC
mitochondrial	.	17921	2	.	CCCATCAGTTCGACCTCAC	.	CATCAGTTCGACCTCACTT
mitochondrial	.	17940	2	.	TTATTCTCAATGGC	.	ATTCTCAATGGCTA
mitochondrial	.	17954	2	.	TATCCTAGGATTCGCCTTAACAGAAG	.	TCCTAGGATTCGCCTTAACAGAAGCT
mitochondrial	.	17980	2	.	CTACAGGTTTATTC	.	ACAGGTTTATTCTG
mitochondrial	.	17994	2	.	TGTTTAATGTTAGCGTTCTTAATTA	.	TTTAATGTTAGCGTTCTTAATTATC
mitochondrial	.	18019	2	.	TCTACGCTGCTTAA	.	TACGCTGCTTAATT
mitochondrial	.	18033	2	.	TTTCCCCCTTT	.	TCCCCCTTTAA
mitochondrial	.	18048	2	.	AAGAGAATACTGGGGATTTAATTTAATTGGTTAGAATAT	.	GAGAATACTGGGGATTTAATTTAATTGGTTAGAATATTG
mitochondrial	.	18088	2	.	GTGTTTGCACCACAAAAATCTGG	.	GTTTGCACCACAAAAATCTGGTT
mitochondrial	.	18111	2	.	TTTCGAGTACCAGAA	.	TCGAGTACCAGAATC
mitochondrial	.	18126	2	.	TCTCCATTTTCCCCCTCCAAAACA	.	TCCATTTTCCCCCTCCAAAACATT
mitochondrial	.	18150	2	.	TTTTATTTGAATG	.	TTATTTGAATGTT
mitochondrial	.	18163	2	.	TTTTTAAACTAGAATCTGTTTGA	.	TTTAAACTAGAATCTGTTTGAAG
mitochondrial	.	18186	2	.	AGAGAATTTGAATAATTC	.	AGAATTTGAATAATTCTT
mitochondrial	.	18204	2	.	TTTGGAAAGTTTGGATCACTC	.	TGGAAAGTTTGGATCACTCAT
mitochondrial	.	18225	2	.	ATAACATTAGAATAGTATT	.	AACATTAGAATAGTATTTG
mitochondrial	.	18244	2	.	TGTTTAAAGTGGTTAAT	.	TTTAAAGTGGTTAATAA
mitochondrial	.	18265	2	.	AAGAAACCCAAGAGGGTAAGTCTACTA	.	GAAACCCAAGAGGGTAAGTCTACTAAT
mitochondrial	.	18292	2	.	ATATTAAAGAAAGA	.	ATTAAAGAAAGAAG
mitochondrial	.	18306	2	.	AGAATTCAGAATTAAATTCTGAAA	.	AATTCAGAATTAAATTCTGAAAGT
mitochondrial	.	18330	2	.	GTGTTAAAATAGTAGT	.	GTTAAAATAGTAGTTC
mitochondrial	.	18346	2	.	TCATTTTTAATTTTTAGTAA	.	ATTTTTAATTTTTAGTAATT
mitochondrial	.	18366	2	.	TTTCAAATATAACAGAATCCA	.	TCAAATATAACAGAATCCATC
mitochondrial	.	18387	2	.	TCTTATAAGATTCCTA	.	TTATAAGATTCCTAGT
mitochondrial	.	18403	2	.	GTTGGCTCTATTGTCTAATGGTTA	.	TGGCTCTATTGTCTAATGGTTAAG
mitochondrial	.	18427	2	.	AGACCTTACATCT	.	ACCTTACATCTTC
mitochondrial	.	18440	2	.	TCATTGTAA	.	ATTGTAAAT
mitochondrial	.	18451	2	.	A	.	C
mitochondrial	.	18453	2	.	CTTGGTTCGATTCCAAGTAGGGCTACTTAAATAATAA	.	TGGTTCGATTCCAAGTAGGGCTACTTAAATAATAATT
mitochondrial	.	18490	2	.	TTTTGAAACTATTACTTTTCGGATATTATCTTATTTGTTCT	.	TTGAAACTATTACTTTTCGGATATTATCTTATTTGTTCTCA,TTGAAACTATTACTTTTCGGATATTATCTTATTTGTTCTCC
mitochondrial	.	18531	2	.	CAATTTATTATTATTAACTCAATGTG	.	ATTTATTATTATTAACTCAATGTGCT
mitochondrial	.	18561	2	.	CTATGTTA	.	ATGTTATT
mitochondrial	.	18573	2	.	TTAACTCTATATTAAATGATG	.	AACTCTATATTAAATGATGCC
mitochondrial	.	18594	2	.	CCCCTTCTAGCTGGGCTC	.	CCTTCTAGCTGGGCTCTT
mitochondrial	.	18612	2	.	TTTATTTCCAAGATGGTGCA	.	TATTTCCAAGATGGTGCATC
mitochondrial	.	18632	2	.	TCTCCTAGTTATTTAGG	.	TCCTAGTTATTTAGGTA
mitochondrial	.	18649	2	.	TATA	.	TAAC
mitochondrial	.	18657	2	.	ACTTAAATGATTATCTTATGTTCTATCTAAC	.	TTAAATGATTATCTTATGTTCTATCTAACTT
mitochondrial	.	18688	2	.	TTTCATCTT	.	TCATCTTTA
mitochondrial	.	18697	2	.	TATCGGTGTAATCTATGCTA	.	TCGGTGTAATCTATGCTATC
mitochondrial	.	18717	2	.	TCTGTAAAGCTGTTATAGA	.	TGTAAAGCTGTTATAGAAT
mitochondrial	.	18736	2	.	ATATAATTACAATAGCCATC	.	ATAATTACAATAGCCATCCT
mitochondrial	.	18756	2	.	CTATTGCTGCAAAATAT	.	ATTGCTGCAAAATATAC
mitochondrial	.	18773	2	.	ACAACTCATGGTTCAAT	.	AACTCATGGTTCAATTG
mitochondrial	.	18790	2	.	TGTTGAATTCATTTGGAC	.	TTGAATTCATTTGGACTT
mitochondrial	.	18808	2	.	TTTAATTCCAGC	.	TAATTCCAGCTT
mitochondrial	.	18820	2	.	TTTAATCTTAATTTTAGTTGCTTTA	.	TAATCTTAATTTTAGTTGCTTTACC
mitochondrial	.	18845	2	.	CCATCATTCAAACTTT	.	ATCATTCAAACTTTTA
mitochondrial	.	18861	2	.	TATACTTATTAGATGAAGTAC	.	TACTTATTAGATGAAGTACAA
mitochondrial	.	18882	2	.	AAAAACCAAGTATGACTG	.	AAACCAAGTATGACTGTT
mitochondrial	.	18900	2	.	TTAAGGCAATTGGA	.	AAGGCAATTGGAAG
mitochondrial	.	18914	2	.	AGACAATGGTTCTGGAGTTATGAATT	.	ACAATGGTTCTGGAGTTATGAATTAA
mitochondrial	.	18940	2	.	AAACGATTTTGTTAC	.	ACGATTTTGTTACTA
mitochondrial	.	18955	2	.	TAATGAAAATGAACCAGTTTCATTTG	.	ATGAAAATGAACCAGTTTCATTTGAT
mitochondrial	.	18981	2	.	ATAGTTATATGGTA	.	AGTTATATGGTACC
mitochondrial	.	18995	2	.	CCAGAAGAAGATTTAGAAGAAGGTAG	.	AGAAGAAGATTTAGAAGAAGGTAGTC
mitochondrial	.	19021	2	.	TCTAAGACAATTAGAA	.	TAAGACAATTAGAAGT
mitochondrial	.	19037	2	.	GTAGATAATCGATTAGTTCTACC	.	AGATAATCGATTAGTTCTACCTA
mitochondrial	.	19060	2	.	TATAGATACACGAATA	.	TAGATACACGAATAAG
mitochondrial	.	19076	2	.	AGATTAATCTTAACAAGTGGTGA	.	ATTAATCTTAACAAGTGGTGATG
mitochondrial	.	19099	2	.	TGTTATCCATAGTTGGGC	.	TTATCCATAGTTGGGCTG
mitochondrial	.	19117	2	.	TGTTCCTTCTTTAGGTAT	.	TTCCTTCTTTAGGTATAA
mitochondrial	.	19135	2	.	AAAATGTGATTGTAT	.	AATGTGATTGTATCC
mitochondrial	.	19150	2	.	CCCTGGTAGATTAAATCAAGTTTCTT	.	CTGGTAGATTAAATCAAGTTTCTTTA
mitochondrial	.	19176	2	.	TATCTATTGAT	.	TCTATTGATAG
mitochondrial	.	19187	2	.	AGAGAAGGTTTATTCTACGGACAATGTA	.	AGAAGGTTTATTCTACGGACAATGTAGT
mitochondrial	.	19215	2	.	GTGAACTTTGTG	.	GAACTTTGTGGT
mitochondrial	.	19227	2	.	GTGTACTTCATTCA	.	GTACTTCATTCATC
mitochondrial	.	19241	2	.	TCTATGCCTATTGTTGTTCAAG	.	TATGCCTATTGTTGTTCAAGGT
mitochondrial	.	19263	2	.	GTGTATCTCTTGAAGATT	.	GTATCTCTTGAAGATTTC
mitochondrial	.	19281	2	.	TCTTAGCTTGGTTAGAAG	.	TTAGCTTGGTTAGAAGAA
mitochondrial	.	19299	2	.	AAAATTCATAACCT	.	AATTCATAACCTCC
mitochondrial	.	19317	2	.	CCTAAAGTGTTTATTAAATGATGAACTCAAAT	.	TAAAGTGTTTATTAAATGATGAACTCAAATAG
mitochondrial	.	19349	2	.	AGAGAATAA	.	AGAATAATC
mitochondrial	.	19358	2	.	TCAAGTTAAATAATAGTAAG	.	AAGTTAAATAATAGTAAGAT
mitochondrial	.	19378	2	.	ATAAGTACTAAATTAGATTT	.	AAGTACTAAATTAGATTTTA
mitochondrial	.	19398	2	.	TATAAAATTCCAAAGTATAA	.	TAAAATTCCAAAGTATAAAT
mitochondrial	.	19418	2	.	ATATTTT	.	ATTTTTA
mitochondrial	.	19430	2	.	A	.	G
